EXIT ZONE,NETWORK,STANDING CHARGE,UNIT RATE,MIN AQ,MAX AQ,CONTRACT LENGTH,EARLIEST START DATE,MAX START DATE
EA1,East of England,0.2,3.257,2000,10000,12,13/03/2018,28/02/2019
EA2,East of England,0.2,3.257,2000,10000,12,13/03/2018,28/02/2019
EA3,East of England,0.2,3.257,2000,10000,12,13/03/2018,28/02/2019
EA4,East of England,0.2,3.257,2000,10000,12,13/03/2018,28/02/2019
EM1,East Midlands,0.2,3.293,2000,10000,12,13/03/2018,28/02/2019
EM2,East Midlands,0.2,3.293,2000,10000,12,13/03/2018,28/02/2019
EM3,East Midlands,0.2,3.293,2000,10000,12,13/03/2018,28/02/2019
EM4,East Midlands,0.2,3.293,2000,10000,12,13/03/2018,28/02/2019
NE1,North of England,0.2,3.331,2000,10000,12,13/03/2018,28/02/2019
NE2,North of England,0.2,3.331,2000,10000,12,13/03/2018,28/02/2019
NE3,North of England,0.2,3.331,2000,10000,12,13/03/2018,28/02/2019
NO1,North of England,0.2,3.331,2000,10000,12,13/03/2018,28/02/2019
NO2,North of England,0.2,3.331,2000,10000,12,13/03/2018,28/02/2019
NT1,London,0.21,3.369,2000,10000,12,13/03/2018,28/02/2019
NT2,London,0.21,3.369,2000,10000,12,13/03/2018,28/02/2019
NT3,London,0.21,3.369,2000,10000,12,13/03/2018,28/02/2019
NW1,North West,0.21,3.369,2000,10000,12,13/03/2018,28/02/2019
NW2,North West,0.21,3.369,2000,10000,12,13/03/2018,28/02/2019
SC1,Scotland,0.21,3.404,2000,10000,12,13/03/2018,28/02/2019
SC2,Scotland,0.21,3.404,2000,10000,12,13/03/2018,28/02/2019
SC4,Scotland,0.21,3.404,2000,10000,12,13/03/2018,28/02/2019
SE1,South of England,0.21,3.372,2000,10000,12,13/03/2018,28/02/2019
SE2,South of England,0.21,3.372,2000,10000,12,13/03/2018,28/02/2019
SO1,South of England,0.21,3.372,2000,10000,12,13/03/2018,28/02/2019
SO2,South of England,0.21,3.372,2000,10000,12,13/03/2018,28/02/2019
SW1,South West,0.21,3.441,2000,10000,12,13/03/2018,28/02/2019
SW2,South West,0.21,3.441,2000,10000,12,13/03/2018,28/02/2019
SW3,South West,0.21,3.441,2000,10000,12,13/03/2018,28/02/2019
WM1,West Midlands,0.2,3.296,2000,10000,12,13/03/2018,28/02/2019
WM2,West Midlands,0.2,3.296,2000,10000,12,13/03/2018,28/02/2019
WM3,West Midlands,0.2,3.296,2000,10000,12,13/03/2018,28/02/2019
WA1,Wales North,0.21,3.405,2000,10000,12,13/03/2018,28/02/2019
WA2,Wales South,0.2,3.332,2000,10000,12,13/03/2018,28/02/2019
EA1,East of England,0.2,3.229,2000,10000,24,13/03/2018,28/02/2019
EA2,East of England,0.2,3.229,2000,10000,24,13/03/2018,28/02/2019
EA3,East of England,0.2,3.229,2000,10000,24,13/03/2018,28/02/2019
EA4,East of England,0.2,3.229,2000,10000,24,13/03/2018,28/02/2019
EM1,East Midlands,0.2,3.266,2000,10000,24,13/03/2018,28/02/2019
EM2,East Midlands,0.2,3.266,2000,10000,24,13/03/2018,28/02/2019
EM3,East Midlands,0.2,3.266,2000,10000,24,13/03/2018,28/02/2019
EM4,East Midlands,0.2,3.266,2000,10000,24,13/03/2018,28/02/2019
NE1,North of England,0.2,3.34,2000,10000,24,13/03/2018,28/02/2019
NE2,North of England,0.2,3.34,2000,10000,24,13/03/2018,28/02/2019
NE3,North of England,0.2,3.34,2000,10000,24,13/03/2018,28/02/2019
NO1,North of England,0.2,3.34,2000,10000,24,13/03/2018,28/02/2019
NO2,North of England,0.2,3.34,2000,10000,24,13/03/2018,28/02/2019
NT1,London,0.21,3.414,2000,10000,24,13/03/2018,28/02/2019
NT2,London,0.21,3.414,2000,10000,24,13/03/2018,28/02/2019
NT3,London,0.21,3.414,2000,10000,24,13/03/2018,28/02/2019
NW1,North West,0.2,3.341,2000,10000,24,13/03/2018,28/02/2019
NW2,North West,0.2,3.341,2000,10000,24,13/03/2018,28/02/2019
SC1,Scotland,0.21,3.376,2000,10000,24,13/03/2018,28/02/2019
SC2,Scotland,0.21,3.376,2000,10000,24,13/03/2018,28/02/2019
SC4,Scotland,0.21,3.376,2000,10000,24,13/03/2018,28/02/2019
SE1,South of England,0.21,3.344,2000,10000,24,13/03/2018,28/02/2019
SE2,South of England,0.21,3.344,2000,10000,24,13/03/2018,28/02/2019
SO1,South of England,0.21,3.38,2000,10000,24,13/03/2018,28/02/2019
SO2,South of England,0.21,3.38,2000,10000,24,13/03/2018,28/02/2019
SW1,South West,0.21,3.45,2000,10000,24,13/03/2018,28/02/2019
SW2,South West,0.21,3.45,2000,10000,24,13/03/2018,28/02/2019
SW3,South West,0.21,3.45,2000,10000,24,13/03/2018,28/02/2019
WM1,West Midlands,0.2,3.305,2000,10000,24,13/03/2018,28/02/2019
WM2,West Midlands,0.2,3.305,2000,10000,24,13/03/2018,28/02/2019
WM3,West Midlands,0.2,3.305,2000,10000,24,13/03/2018,28/02/2019
WA1,Wales North,0.21,3.414,2000,10000,24,13/03/2018,28/02/2019
WA2,Wales South,0.2,3.341,2000,10000,24,13/03/2018,28/02/2019
EA1,East of England,0.2,3.202,2000,10000,36,13/03/2018,28/02/2019
EA2,East of England,0.2,3.202,2000,10000,36,13/03/2018,28/02/2019
EA3,East of England,0.2,3.202,2000,10000,36,13/03/2018,28/02/2019
EA4,East of England,0.2,3.202,2000,10000,36,13/03/2018,28/02/2019
EM1,East Midlands,0.2,3.238,2000,10000,36,13/03/2018,28/02/2019
EM2,East Midlands,0.2,3.238,2000,10000,36,13/03/2018,28/02/2019
EM3,East Midlands,0.2,3.238,2000,10000,36,13/03/2018,28/02/2019
EM4,East Midlands,0.2,3.238,2000,10000,36,13/03/2018,28/02/2019
NE1,North of England,0.21,3.349,2000,10000,36,13/03/2018,28/02/2019
NE2,North of England,0.21,3.349,2000,10000,36,13/03/2018,28/02/2019
NE3,North of England,0.21,3.349,2000,10000,36,13/03/2018,28/02/2019
NO1,North of England,0.21,3.349,2000,10000,36,13/03/2018,28/02/2019
NO2,North of England,0.21,3.349,2000,10000,36,13/03/2018,28/02/2019
NT1,London,0.21,3.386,2000,10000,36,13/03/2018,28/02/2019
NT2,London,0.21,3.386,2000,10000,36,13/03/2018,28/02/2019
NT3,London,0.21,3.386,2000,10000,36,13/03/2018,28/02/2019
NW1,North West,0.2,3.314,2000,10000,36,13/03/2018,28/02/2019
NW2,North West,0.2,3.314,2000,10000,36,13/03/2018,28/02/2019
SC1,Scotland,0.21,3.385,2000,10000,36,13/03/2018,28/02/2019
SC2,Scotland,0.21,3.385,2000,10000,36,13/03/2018,28/02/2019
SC4,Scotland,0.21,3.385,2000,10000,36,13/03/2018,28/02/2019
SE1,South of England,0.2,3.316,2000,10000,36,13/03/2018,28/02/2019
SE2,South of England,0.2,3.316,2000,10000,36,13/03/2018,28/02/2019
SO1,South of England,0.21,3.352,2000,10000,36,13/03/2018,28/02/2019
SO2,South of England,0.21,3.352,2000,10000,36,13/03/2018,28/02/2019
SW1,South West,0.21,3.459,2000,10000,36,13/03/2018,28/02/2019
SW2,South West,0.21,3.459,2000,10000,36,13/03/2018,28/02/2019
SW3,South West,0.21,3.459,2000,10000,36,13/03/2018,28/02/2019
WM1,West Midlands,0.2,3.277,2000,10000,36,13/03/2018,28/02/2019
WM2,West Midlands,0.2,3.277,2000,10000,36,13/03/2018,28/02/2019
WM3,West Midlands,0.2,3.277,2000,10000,36,13/03/2018,28/02/2019
WA1,Wales North,0.21,3.386,2000,10000,36,13/03/2018,28/02/2019
WA2,Wales South,0.2,3.313,2000,10000,36,13/03/2018,28/02/2019
EA1,East of England,0.2,3.284,2000,10000,48,13/03/2018,28/02/2019
EA2,East of England,0.2,3.284,2000,10000,48,13/03/2018,28/02/2019
EA3,East of England,0.2,3.284,2000,10000,48,13/03/2018,28/02/2019
EA4,East of England,0.2,3.284,2000,10000,48,13/03/2018,28/02/2019
EM1,East Midlands,0.2,3.284,2000,10000,48,13/03/2018,28/02/2019
EM2,East Midlands,0.2,3.284,2000,10000,48,13/03/2018,28/02/2019
EM3,East Midlands,0.2,3.284,2000,10000,48,13/03/2018,28/02/2019
EM4,East Midlands,0.2,3.284,2000,10000,48,13/03/2018,28/02/2019
NE1,North of England,0.21,3.395,2000,10000,48,13/03/2018,28/02/2019
NE2,North of England,0.21,3.395,2000,10000,48,13/03/2018,28/02/2019
NE3,North of England,0.21,3.395,2000,10000,48,13/03/2018,28/02/2019
NO1,North of England,0.21,3.395,2000,10000,48,13/03/2018,28/02/2019
NO2,North of England,0.21,3.395,2000,10000,48,13/03/2018,28/02/2019
NT1,London,0.21,3.468,2000,10000,48,13/03/2018,28/02/2019
NT2,London,0.21,3.468,2000,10000,48,13/03/2018,28/02/2019
NT3,London,0.21,3.468,2000,10000,48,13/03/2018,28/02/2019
NW1,North West,0.21,3.396,2000,10000,48,13/03/2018,28/02/2019
NW2,North West,0.21,3.396,2000,10000,48,13/03/2018,28/02/2019
SC1,Scotland,0.21,3.431,2000,10000,48,13/03/2018,28/02/2019
SC2,Scotland,0.21,3.431,2000,10000,48,13/03/2018,28/02/2019
SC4,Scotland,0.21,3.431,2000,10000,48,13/03/2018,28/02/2019
SE1,South of England,0.21,3.363,2000,10000,48,13/03/2018,28/02/2019
SE2,South of England,0.21,3.363,2000,10000,48,13/03/2018,28/02/2019
SO1,South of England,0.21,3.399,2000,10000,48,13/03/2018,28/02/2019
SO2,South of England,0.21,3.399,2000,10000,48,13/03/2018,28/02/2019
SW1,South West,0.21,3.505,2000,10000,48,13/03/2018,28/02/2019
SW2,South West,0.21,3.505,2000,10000,48,13/03/2018,28/02/2019
SW3,South West,0.21,3.505,2000,10000,48,13/03/2018,28/02/2019
WM1,West Midlands,0.2,3.323,2000,10000,48,13/03/2018,28/02/2019
WM2,West Midlands,0.2,3.323,2000,10000,48,13/03/2018,28/02/2019
WM3,West Midlands,0.2,3.323,2000,10000,48,13/03/2018,28/02/2019
WA1,Wales North,0.21,3.432,2000,10000,48,13/03/2018,28/02/2019
WA2,Wales South,0.21,3.36,2000,10000,48,13/03/2018,28/02/2019
EA1,East of England,0,3.19,10001,35000,12,13/03/2018,28/02/2019
EA2,East of England,0,3.19,10001,35000,12,13/03/2018,28/02/2019
EA3,East of England,0,3.19,10001,35000,12,13/03/2018,28/02/2019
EA4,East of England,0,3.19,10001,35000,12,13/03/2018,28/02/2019
EM1,East Midlands,0,3.19,10001,35000,12,13/03/2018,28/02/2019
EM2,East Midlands,0,3.19,10001,35000,12,13/03/2018,28/02/2019
EM3,East Midlands,0,3.19,10001,35000,12,13/03/2018,28/02/2019
EM4,East Midlands,0,3.19,10001,35000,12,13/03/2018,28/02/2019
NE1,North of England,0,3.268,10001,35000,12,13/03/2018,28/02/2019
NE2,North of England,0,3.268,10001,35000,12,13/03/2018,28/02/2019
NE3,North of England,0,3.268,10001,35000,12,13/03/2018,28/02/2019
NO1,North of England,0,3.268,10001,35000,12,13/03/2018,28/02/2019
NO2,North of England,0,3.268,10001,35000,12,13/03/2018,28/02/2019
NT1,London,0,3.307,10001,35000,12,13/03/2018,28/02/2019
NT2,London,0,3.307,10001,35000,12,13/03/2018,28/02/2019
NT3,London,0,3.307,10001,35000,12,13/03/2018,28/02/2019
NW1,North West,0,3.269,10001,35000,12,13/03/2018,28/02/2019
NW2,North West,0,3.269,10001,35000,12,13/03/2018,28/02/2019
SC1,Scotland,0,3.306,10001,35000,12,13/03/2018,28/02/2019
SC2,Scotland,0,3.306,10001,35000,12,13/03/2018,28/02/2019
SC4,Scotland,0,3.306,10001,35000,12,13/03/2018,28/02/2019
SE1,South of England,0,3.273,10001,35000,12,13/03/2018,28/02/2019
SE2,South of England,0,3.273,10001,35000,12,13/03/2018,28/02/2019
SO1,South of England,0,3.311,10001,35000,12,13/03/2018,28/02/2019
SO2,South of England,0,3.311,10001,35000,12,13/03/2018,28/02/2019
SW1,South West,0,3.365,10001,35000,12,13/03/2018,28/02/2019
SW2,South West,0,3.365,10001,35000,12,13/03/2018,28/02/2019
SW3,South West,0,3.365,10001,35000,12,13/03/2018,28/02/2019
WM1,West Midlands,0,3.231,10001,35000,12,13/03/2018,28/02/2019
WM2,West Midlands,0,3.231,10001,35000,12,13/03/2018,28/02/2019
WM3,West Midlands,0,3.231,10001,35000,12,13/03/2018,28/02/2019
WA1,Wales North,0,3.307,10001,35000,12,13/03/2018,28/02/2019
WA2,Wales South,0,3.23,10001,35000,12,13/03/2018,28/02/2019
EA1,East of England,0,2.955,35001,73268,12,13/03/2018,28/02/2019
EA2,East of England,0,2.955,35001,73268,12,13/03/2018,28/02/2019
EA3,East of England,0,2.955,35001,73268,12,13/03/2018,28/02/2019
EA4,East of England,0,2.955,35001,73268,12,13/03/2018,28/02/2019
EM1,East Midlands,0,2.97,35001,73268,12,13/03/2018,28/02/2019
EM2,East Midlands,0,2.97,35001,73268,12,13/03/2018,28/02/2019
EM3,East Midlands,0,2.97,35001,73268,12,13/03/2018,28/02/2019
EM4,East Midlands,0,2.97,35001,73268,12,13/03/2018,28/02/2019
NE1,North of England,0,3.037,35001,73268,12,13/03/2018,28/02/2019
NE2,North of England,0,3.037,35001,73268,12,13/03/2018,28/02/2019
NE3,North of England,0,3.037,35001,73268,12,13/03/2018,28/02/2019
NO1,North of England,0,3.037,35001,73268,12,13/03/2018,28/02/2019
NO2,North of England,0,3.037,35001,73268,12,13/03/2018,28/02/2019
NT1,London,0,3.074,35001,73268,12,13/03/2018,28/02/2019
NT2,London,0,3.074,35001,73268,12,13/03/2018,28/02/2019
NT3,London,0,3.074,35001,73268,12,13/03/2018,28/02/2019
NW1,North West,0,3.045,35001,73268,12,13/03/2018,28/02/2019
NW2,North West,0,3.045,35001,73268,12,13/03/2018,28/02/2019
SC1,Scotland,0,3.088,35001,73268,12,13/03/2018,28/02/2019
SC2,Scotland,0,3.088,35001,73268,12,13/03/2018,28/02/2019
SC4,Scotland,0,3.088,35001,73268,12,13/03/2018,28/02/2019
SE1,South of England,0,3.056,35001,73268,12,13/03/2018,28/02/2019
SE2,South of England,0,3.056,35001,73268,12,13/03/2018,28/02/2019
SO1,South of England,0,3.086,35001,73268,12,13/03/2018,28/02/2019
SO2,South of England,0,3.086,35001,73268,12,13/03/2018,28/02/2019
SW1,South West,0,3.147,35001,73268,12,13/03/2018,28/02/2019
SW2,South West,0,3.147,35001,73268,12,13/03/2018,28/02/2019
SW3,South West,0,3.147,35001,73268,12,13/03/2018,28/02/2019
WM1,West Midlands,0,3.002,35001,73268,12,13/03/2018,28/02/2019
WM2,West Midlands,0,3.002,35001,73268,12,13/03/2018,28/02/2019
WM3,West Midlands,0,3.002,35001,73268,12,13/03/2018,28/02/2019
WA1,Wales North,0,3.089,35001,73268,12,13/03/2018,28/02/2019
WA2,Wales South,0,3.009,35001,73268,12,13/03/2018,28/02/2019
EA1,East of England,0,2.597,73269,110000,12,13/03/2018,28/02/2019
EA2,East of England,0,2.597,73269,110000,12,13/03/2018,28/02/2019
EA3,East of England,0,2.597,73269,110000,12,13/03/2018,28/02/2019
EA4,East of England,0,2.597,73269,110000,12,13/03/2018,28/02/2019
EM1,East Midlands,0,2.609,73269,110000,12,13/03/2018,28/02/2019
EM2,East Midlands,0,2.609,73269,110000,12,13/03/2018,28/02/2019
EM3,East Midlands,0,2.609,73269,110000,12,13/03/2018,28/02/2019
EM4,East Midlands,0,2.609,73269,110000,12,13/03/2018,28/02/2019
NE1,North of England,0,2.705,73269,110000,12,13/03/2018,28/02/2019
NE2,North of England,0,2.705,73269,110000,12,13/03/2018,28/02/2019
NE3,North of England,0,2.705,73269,110000,12,13/03/2018,28/02/2019
NO1,North of England,0,2.709,73269,110000,12,13/03/2018,28/02/2019
NO2,North of England,0,2.709,73269,110000,12,13/03/2018,28/02/2019
NT1,London,0,2.751,73269,110000,12,13/03/2018,28/02/2019
NT2,London,0,2.751,73269,110000,12,13/03/2018,28/02/2019
NT3,London,0,2.751,73269,110000,12,13/03/2018,28/02/2019
NW1,North West,0,2.713,73269,110000,12,13/03/2018,28/02/2019
NW2,North West,0,2.713,73269,110000,12,13/03/2018,28/02/2019
SC1,Scotland,0,2.738,73269,110000,12,13/03/2018,28/02/2019
SC2,Scotland,0,2.738,73269,110000,12,13/03/2018,28/02/2019
SC4,Scotland,0,2.738,73269,110000,12,13/03/2018,28/02/2019
SE1,South of England,0,2.714,73269,110000,12,13/03/2018,28/02/2019
SE2,South of England,0,2.714,73269,110000,12,13/03/2018,28/02/2019
SO1,South of England,0,2.739,73269,110000,12,13/03/2018,28/02/2019
SO2,South of England,0,2.739,73269,110000,12,13/03/2018,28/02/2019
SW1,South West,0,2.836,73269,110000,12,13/03/2018,28/02/2019
SW2,South West,0,2.836,73269,110000,12,13/03/2018,28/02/2019
SW3,South West,0,2.836,73269,110000,12,13/03/2018,28/02/2019
WM1,West Midlands,0,2.731,73269,110000,12,13/03/2018,28/02/2019
WM2,West Midlands,0,2.731,73269,110000,12,13/03/2018,28/02/2019
WM3,West Midlands,0,2.731,73269,110000,12,13/03/2018,28/02/2019
WA1,Wales North,0,2.775,73269,110000,12,13/03/2018,28/02/2019
WA2,Wales South,0,2.698,73269,110000,12,13/03/2018,28/02/2019
EA1,East of England,0,2.541,110001,145000,12,13/03/2018,28/02/2019
EA2,East of England,0,2.541,110001,145000,12,13/03/2018,28/02/2019
EA3,East of England,0,2.541,110001,145000,12,13/03/2018,28/02/2019
EA4,East of England,0,2.541,110001,145000,12,13/03/2018,28/02/2019
EM1,East Midlands,0,2.549,110001,145000,12,13/03/2018,28/02/2019
EM2,East Midlands,0,2.549,110001,145000,12,13/03/2018,28/02/2019
EM3,East Midlands,0,2.549,110001,145000,12,13/03/2018,28/02/2019
EM4,East Midlands,0,2.549,110001,145000,12,13/03/2018,28/02/2019
NE1,North of England,0,2.643,110001,145000,12,13/03/2018,28/02/2019
NE2,North of England,0,2.643,110001,145000,12,13/03/2018,28/02/2019
NE3,North of England,0,2.643,110001,145000,12,13/03/2018,28/02/2019
NO1,North of England,0,2.643,110001,145000,12,13/03/2018,28/02/2019
NO2,North of England,0,2.643,110001,145000,12,13/03/2018,28/02/2019
NT1,London,0,2.682,110001,145000,12,13/03/2018,28/02/2019
NT2,London,0,2.682,110001,145000,12,13/03/2018,28/02/2019
NT3,London,0,2.682,110001,145000,12,13/03/2018,28/02/2019
NW1,North West,0,2.658,110001,145000,12,13/03/2018,28/02/2019
NW2,North West,0,2.658,110001,145000,12,13/03/2018,28/02/2019
SC1,Scotland,0,2.678,110001,145000,12,13/03/2018,28/02/2019
SC2,Scotland,0,2.678,110001,145000,12,13/03/2018,28/02/2019
SC4,Scotland,0,2.678,110001,145000,12,13/03/2018,28/02/2019
SE1,South of England,0,2.65,110001,145000,12,13/03/2018,28/02/2019
SE2,South of England,0,2.65,110001,145000,12,13/03/2018,28/02/2019
SO1,South of England,0,2.676,110001,145000,12,13/03/2018,28/02/2019
SO2,South of England,0,2.676,110001,145000,12,13/03/2018,28/02/2019
SW1,South West,0,2.775,110001,145000,12,13/03/2018,28/02/2019
SW2,South West,0,2.775,110001,145000,12,13/03/2018,28/02/2019
SW3,South West,0,2.775,110001,145000,12,13/03/2018,28/02/2019
WM1,West Midlands,0,2.671,110001,145000,12,13/03/2018,28/02/2019
WM2,West Midlands,0,2.671,110001,145000,12,13/03/2018,28/02/2019
WM3,West Midlands,0,2.671,110001,145000,12,13/03/2018,28/02/2019
WA1,Wales North,0,2.714,110001,145000,12,13/03/2018,28/02/2019
WA2,Wales South,0,2.635,110001,145000,12,13/03/2018,28/02/2019
EA1,East of England,0,2.507,145001,220000,12,13/03/2018,28/02/2019
EA2,East of England,0,2.507,145001,220000,12,13/03/2018,28/02/2019
EA3,East of England,0,2.507,145001,220000,12,13/03/2018,28/02/2019
EA4,East of England,0,2.507,145001,220000,12,13/03/2018,28/02/2019
EM1,East Midlands,0,2.518,145001,220000,12,13/03/2018,28/02/2019
EM2,East Midlands,0,2.518,145001,220000,12,13/03/2018,28/02/2019
EM3,East Midlands,0,2.518,145001,220000,12,13/03/2018,28/02/2019
EM4,East Midlands,0,2.518,145001,220000,12,13/03/2018,28/02/2019
NE1,North of England,0,2.608,145001,220000,12,13/03/2018,28/02/2019
NE2,North of England,0,2.608,145001,220000,12,13/03/2018,28/02/2019
NE3,North of England,0,2.608,145001,220000,12,13/03/2018,28/02/2019
NO1,North of England,0,2.61,145001,220000,12,13/03/2018,28/02/2019
NO2,North of England,0,2.61,145001,220000,12,13/03/2018,28/02/2019
NT1,London,0,2.643,145001,220000,12,13/03/2018,28/02/2019
NT2,London,0,2.643,145001,220000,12,13/03/2018,28/02/2019
NT3,London,0,2.643,145001,220000,12,13/03/2018,28/02/2019
NW1,North West,0,2.628,145001,220000,12,13/03/2018,28/02/2019
NW2,North West,0,2.628,145001,220000,12,13/03/2018,28/02/2019
SC1,Scotland,0,2.642,145001,220000,12,13/03/2018,28/02/2019
SC2,Scotland,0,2.642,145001,220000,12,13/03/2018,28/02/2019
SC4,Scotland,0,2.642,145001,220000,12,13/03/2018,28/02/2019
SE1,South of England,0,2.617,145001,220000,12,13/03/2018,28/02/2019
SE2,South of England,0,2.617,145001,220000,12,13/03/2018,28/02/2019
SO1,South of England,0,2.643,145001,220000,12,13/03/2018,28/02/2019
SO2,South of England,0,2.643,145001,220000,12,13/03/2018,28/02/2019
SW1,South West,0,2.741,145001,220000,12,13/03/2018,28/02/2019
SW2,South West,0,2.741,145001,220000,12,13/03/2018,28/02/2019
SW3,South West,0,2.741,145001,220000,12,13/03/2018,28/02/2019
WM1,West Midlands,0,2.642,145001,220000,12,13/03/2018,28/02/2019
WM2,West Midlands,0,2.642,145001,220000,12,13/03/2018,28/02/2019
WM3,West Midlands,0,2.642,145001,220000,12,13/03/2018,28/02/2019
WA1,Wales North,0,2.682,145001,220000,12,13/03/2018,28/02/2019
WA2,Wales South,0,2.603,145001,220000,12,13/03/2018,28/02/2019
EA1,East of England,0,2.501,220001,293071,12,13/03/2018,28/02/2019
EA2,East of England,0,2.501,220001,293071,12,13/03/2018,28/02/2019
EA3,East of England,0,2.501,220001,293071,12,13/03/2018,28/02/2019
EA4,East of England,0,2.501,220001,293071,12,13/03/2018,28/02/2019
EM1,East Midlands,0,2.511,220001,293071,12,13/03/2018,28/02/2019
EM2,East Midlands,0,2.511,220001,293071,12,13/03/2018,28/02/2019
EM3,East Midlands,0,2.511,220001,293071,12,13/03/2018,28/02/2019
EM4,East Midlands,0,2.511,220001,293071,12,13/03/2018,28/02/2019
NE1,North of England,0,2.602,220001,293071,12,13/03/2018,28/02/2019
NE2,North of England,0,2.602,220001,293071,12,13/03/2018,28/02/2019
NE3,North of England,0,2.602,220001,293071,12,13/03/2018,28/02/2019
NO1,North of England,0,2.604,220001,293071,12,13/03/2018,28/02/2019
NO2,North of England,0,2.604,220001,293071,12,13/03/2018,28/02/2019
NT1,London,0,2.635,220001,293071,12,13/03/2018,28/02/2019
NT2,London,0,2.635,220001,293071,12,13/03/2018,28/02/2019
NT3,London,0,2.635,220001,293071,12,13/03/2018,28/02/2019
NW1,North West,0,2.628,220001,293071,12,13/03/2018,28/02/2019
NW2,North West,0,2.628,220001,293071,12,13/03/2018,28/02/2019
SC1,Scotland,0,2.639,220001,293071,12,13/03/2018,28/02/2019
SC2,Scotland,0,2.639,220001,293071,12,13/03/2018,28/02/2019
SC4,Scotland,0,2.639,220001,293071,12,13/03/2018,28/02/2019
SE1,South of England,0,2.612,220001,293071,12,13/03/2018,28/02/2019
SE2,South of England,0,2.612,220001,293071,12,13/03/2018,28/02/2019
SO1,South of England,0,2.638,220001,293071,12,13/03/2018,28/02/2019
SO2,South of England,0,2.638,220001,293071,12,13/03/2018,28/02/2019
SW1,South West,0,2.742,220001,293071,12,13/03/2018,28/02/2019
SW2,South West,0,2.742,220001,293071,12,13/03/2018,28/02/2019
SW3,South West,0,2.742,220001,293071,12,13/03/2018,28/02/2019
WM1,West Midlands,0,2.641,220001,293071,12,13/03/2018,28/02/2019
WM2,West Midlands,0,2.641,220001,293071,12,13/03/2018,28/02/2019
WM3,West Midlands,0,2.641,220001,293071,12,13/03/2018,28/02/2019
WA1,Wales North,0,2.679,220001,293071,12,13/03/2018,28/02/2019
WA2,Wales South,0,2.599,220001,293071,12,13/03/2018,28/02/2019
EA1,East of England,0,2.496,293072,350000,12,13/03/2018,28/02/2019
EA2,East of England,0,2.496,293072,350000,12,13/03/2018,28/02/2019
EA3,East of England,0,2.496,293072,350000,12,13/03/2018,28/02/2019
EA4,East of England,0,2.496,293072,350000,12,13/03/2018,28/02/2019
EM1,East Midlands,0,2.506,293072,350000,12,13/03/2018,28/02/2019
EM2,East Midlands,0,2.506,293072,350000,12,13/03/2018,28/02/2019
EM3,East Midlands,0,2.506,293072,350000,12,13/03/2018,28/02/2019
EM4,East Midlands,0,2.506,293072,350000,12,13/03/2018,28/02/2019
NE1,North of England,0,2.595,293072,350000,12,13/03/2018,28/02/2019
NE2,North of England,0,2.595,293072,350000,12,13/03/2018,28/02/2019
NE3,North of England,0,2.595,293072,350000,12,13/03/2018,28/02/2019
NO1,North of England,0,2.597,293072,350000,12,13/03/2018,28/02/2019
NO2,North of England,0,2.597,293072,350000,12,13/03/2018,28/02/2019
NT1,London,0,2.627,293072,350000,12,13/03/2018,28/02/2019
NT2,London,0,2.627,293072,350000,12,13/03/2018,28/02/2019
NT3,London,0,2.627,293072,350000,12,13/03/2018,28/02/2019
NW1,North West,0,2.624,293072,350000,12,13/03/2018,28/02/2019
NW2,North West,0,2.624,293072,350000,12,13/03/2018,28/02/2019
SC1,Scotland,0,2.632,293072,350000,12,13/03/2018,28/02/2019
SC2,Scotland,0,2.632,293072,350000,12,13/03/2018,28/02/2019
SC4,Scotland,0,2.632,293072,350000,12,13/03/2018,28/02/2019
SE1,South of England,0,2.604,293072,350000,12,13/03/2018,28/02/2019
SE2,South of England,0,2.604,293072,350000,12,13/03/2018,28/02/2019
SO1,South of England,0,2.632,293072,350000,12,13/03/2018,28/02/2019
SO2,South of England,0,2.632,293072,350000,12,13/03/2018,28/02/2019
SW1,South West,0,2.736,293072,350000,12,13/03/2018,28/02/2019
SW2,South West,0,2.736,293072,350000,12,13/03/2018,28/02/2019
SW3,South West,0,2.736,293072,350000,12,13/03/2018,28/02/2019
WM1,West Midlands,0,2.634,293072,350000,12,13/03/2018,28/02/2019
WM2,West Midlands,0,2.634,293072,350000,12,13/03/2018,28/02/2019
WM3,West Midlands,0,2.634,293072,350000,12,13/03/2018,28/02/2019
WA1,Wales North,0,2.673,293072,350000,12,13/03/2018,28/02/2019
WA2,Wales South,0,2.592,293072,350000,12,13/03/2018,28/02/2019
EA1,East of England,0,2.49,350001,400000,12,13/03/2018,28/02/2019
EA2,East of England,0,2.49,350001,400000,12,13/03/2018,28/02/2019
EA3,East of England,0,2.49,350001,400000,12,13/03/2018,28/02/2019
EA4,East of England,0,2.49,350001,400000,12,13/03/2018,28/02/2019
EM1,East Midlands,0,2.501,350001,400000,12,13/03/2018,28/02/2019
EM2,East Midlands,0,2.501,350001,400000,12,13/03/2018,28/02/2019
EM3,East Midlands,0,2.501,350001,400000,12,13/03/2018,28/02/2019
EM4,East Midlands,0,2.501,350001,400000,12,13/03/2018,28/02/2019
NE1,North of England,0,2.589,350001,400000,12,13/03/2018,28/02/2019
NE2,North of England,0,2.589,350001,400000,12,13/03/2018,28/02/2019
NE3,North of England,0,2.589,350001,400000,12,13/03/2018,28/02/2019
NO1,North of England,0,2.59,350001,400000,12,13/03/2018,28/02/2019
NO2,North of England,0,2.59,350001,400000,12,13/03/2018,28/02/2019
NT1,London,0,2.621,350001,400000,12,13/03/2018,28/02/2019
NT2,London,0,2.621,350001,400000,12,13/03/2018,28/02/2019
NT3,London,0,2.621,350001,400000,12,13/03/2018,28/02/2019
NW1,North West,0,2.619,350001,400000,12,13/03/2018,28/02/2019
NW2,North West,0,2.619,350001,400000,12,13/03/2018,28/02/2019
SC1,Scotland,0,2.626,350001,400000,12,13/03/2018,28/02/2019
SC2,Scotland,0,2.626,350001,400000,12,13/03/2018,28/02/2019
SC4,Scotland,0,2.626,350001,400000,12,13/03/2018,28/02/2019
SE1,South of England,0,2.599,350001,400000,12,13/03/2018,28/02/2019
SE2,South of England,0,2.599,350001,400000,12,13/03/2018,28/02/2019
SO1,South of England,0,2.626,350001,400000,12,13/03/2018,28/02/2019
SO2,South of England,0,2.626,350001,400000,12,13/03/2018,28/02/2019
SW1,South West,0,2.73,350001,400000,12,13/03/2018,28/02/2019
SW2,South West,0,2.73,350001,400000,12,13/03/2018,28/02/2019
SW3,South West,0,2.73,350001,400000,12,13/03/2018,28/02/2019
WM1,West Midlands,0,2.629,350001,400000,12,13/03/2018,28/02/2019
WM2,West Midlands,0,2.629,350001,400000,12,13/03/2018,28/02/2019
WM3,West Midlands,0,2.629,350001,400000,12,13/03/2018,28/02/2019
WA1,Wales North,0,2.667,350001,400000,12,13/03/2018,28/02/2019
WA2,Wales South,0,2.587,350001,400000,12,13/03/2018,28/02/2019
EA1,East of England,0,2.504,400001,450000,12,13/03/2018,28/02/2019
EA2,East of England,0,2.504,400001,450000,12,13/03/2018,28/02/2019
EA3,East of England,0,2.504,400001,450000,12,13/03/2018,28/02/2019
EA4,East of England,0,2.504,400001,450000,12,13/03/2018,28/02/2019
EM1,East Midlands,0,2.515,400001,450000,12,13/03/2018,28/02/2019
EM2,East Midlands,0,2.515,400001,450000,12,13/03/2018,28/02/2019
EM3,East Midlands,0,2.515,400001,450000,12,13/03/2018,28/02/2019
EM4,East Midlands,0,2.515,400001,450000,12,13/03/2018,28/02/2019
NE1,North of England,0,2.603,400001,450000,12,13/03/2018,28/02/2019
NE2,North of England,0,2.603,400001,450000,12,13/03/2018,28/02/2019
NE3,North of England,0,2.603,400001,450000,12,13/03/2018,28/02/2019
NO1,North of England,0,2.604,400001,450000,12,13/03/2018,28/02/2019
NO2,North of England,0,2.604,400001,450000,12,13/03/2018,28/02/2019
NT1,London,0,2.633,400001,450000,12,13/03/2018,28/02/2019
NT2,London,0,2.633,400001,450000,12,13/03/2018,28/02/2019
NT3,London,0,2.633,400001,450000,12,13/03/2018,28/02/2019
NW1,North West,0,2.633,400001,450000,12,13/03/2018,28/02/2019
NW2,North West,0,2.633,400001,450000,12,13/03/2018,28/02/2019
SC1,Scotland,0,2.64,400001,450000,12,13/03/2018,28/02/2019
SC2,Scotland,0,2.64,400001,450000,12,13/03/2018,28/02/2019
SC4,Scotland,0,2.64,400001,450000,12,13/03/2018,28/02/2019
SE1,South of England,0,2.612,400001,450000,12,13/03/2018,28/02/2019
SE2,South of England,0,2.612,400001,450000,12,13/03/2018,28/02/2019
SO1,South of England,0,2.64,400001,450000,12,13/03/2018,28/02/2019
SO2,South of England,0,2.64,400001,450000,12,13/03/2018,28/02/2019
SW1,South West,0,2.744,400001,450000,12,13/03/2018,28/02/2019
SW2,South West,0,2.744,400001,450000,12,13/03/2018,28/02/2019
SW3,South West,0,2.744,400001,450000,12,13/03/2018,28/02/2019
WM1,West Midlands,0,2.643,400001,450000,12,13/03/2018,28/02/2019
WM2,West Midlands,0,2.643,400001,450000,12,13/03/2018,28/02/2019
WM3,West Midlands,0,2.643,400001,450000,12,13/03/2018,28/02/2019
WA1,Wales North,0,2.681,400001,450000,12,13/03/2018,28/02/2019
WA2,Wales South,0,2.6,400001,450000,12,13/03/2018,28/02/2019
EA1,East of England,0,2.494,450001,500000,12,13/03/2018,28/02/2019
EA2,East of England,0,2.494,450001,500000,12,13/03/2018,28/02/2019
EA3,East of England,0,2.494,450001,500000,12,13/03/2018,28/02/2019
EA4,East of England,0,2.494,450001,500000,12,13/03/2018,28/02/2019
EM1,East Midlands,0,2.504,450001,500000,12,13/03/2018,28/02/2019
EM2,East Midlands,0,2.504,450001,500000,12,13/03/2018,28/02/2019
EM3,East Midlands,0,2.504,450001,500000,12,13/03/2018,28/02/2019
EM4,East Midlands,0,2.504,450001,500000,12,13/03/2018,28/02/2019
NE1,North of England,0,2.591,450001,500000,12,13/03/2018,28/02/2019
NE2,North of England,0,2.591,450001,500000,12,13/03/2018,28/02/2019
NE3,North of England,0,2.591,450001,500000,12,13/03/2018,28/02/2019
NO1,North of England,0,2.593,450001,500000,12,13/03/2018,28/02/2019
NO2,North of England,0,2.593,450001,500000,12,13/03/2018,28/02/2019
NT1,London,0,2.622,450001,500000,12,13/03/2018,28/02/2019
NT2,London,0,2.622,450001,500000,12,13/03/2018,28/02/2019
NT3,London,0,2.622,450001,500000,12,13/03/2018,28/02/2019
NW1,North West,0,2.623,450001,500000,12,13/03/2018,28/02/2019
NW2,North West,0,2.623,450001,500000,12,13/03/2018,28/02/2019
SC1,Scotland,0,2.629,450001,500000,12,13/03/2018,28/02/2019
SC2,Scotland,0,2.629,450001,500000,12,13/03/2018,28/02/2019
SC4,Scotland,0,2.629,450001,500000,12,13/03/2018,28/02/2019
SE1,South of England,0,2.602,450001,500000,12,13/03/2018,28/02/2019
SE2,South of England,0,2.602,450001,500000,12,13/03/2018,28/02/2019
SO1,South of England,0,2.629,450001,500000,12,13/03/2018,28/02/2019
SO2,South of England,0,2.629,450001,500000,12,13/03/2018,28/02/2019
SW1,South West,0,2.733,450001,500000,12,13/03/2018,28/02/2019
SW2,South West,0,2.733,450001,500000,12,13/03/2018,28/02/2019
SW3,South West,0,2.733,450001,500000,12,13/03/2018,28/02/2019
WM1,West Midlands,0,2.633,450001,500000,12,13/03/2018,28/02/2019
WM2,West Midlands,0,2.633,450001,500000,12,13/03/2018,28/02/2019
WM3,West Midlands,0,2.633,450001,500000,12,13/03/2018,28/02/2019
WA1,Wales North,0,2.67,450001,500000,12,13/03/2018,28/02/2019
WA2,Wales South,0,2.589,450001,500000,12,13/03/2018,28/02/2019
EA1,East of England,0,3.159,10001,35000,24,13/03/2018,28/02/2019
EA2,East of England,0,3.159,10001,35000,24,13/03/2018,28/02/2019
EA3,East of England,0,3.159,10001,35000,24,13/03/2018,28/02/2019
EA4,East of England,0,3.159,10001,35000,24,13/03/2018,28/02/2019
EM1,East Midlands,0,3.16,10001,35000,24,13/03/2018,28/02/2019
EM2,East Midlands,0,3.16,10001,35000,24,13/03/2018,28/02/2019
EM3,East Midlands,0,3.16,10001,35000,24,13/03/2018,28/02/2019
EM4,East Midlands,0,3.16,10001,35000,24,13/03/2018,28/02/2019
NE1,North of England,0,3.275,10001,35000,24,13/03/2018,28/02/2019
NE2,North of England,0,3.275,10001,35000,24,13/03/2018,28/02/2019
NE3,North of England,0,3.275,10001,35000,24,13/03/2018,28/02/2019
NO1,North of England,0,3.275,10001,35000,24,13/03/2018,28/02/2019
NO2,North of England,0,3.275,10001,35000,24,13/03/2018,28/02/2019
NT1,London,0,3.315,10001,35000,24,13/03/2018,28/02/2019
NT2,London,0,3.315,10001,35000,24,13/03/2018,28/02/2019
NT3,London,0,3.315,10001,35000,24,13/03/2018,28/02/2019
NW1,North West,0,3.276,10001,35000,24,13/03/2018,28/02/2019
NW2,North West,0,3.276,10001,35000,24,13/03/2018,28/02/2019
SC1,Scotland,0,3.294,10001,35000,24,13/03/2018,28/02/2019
SC2,Scotland,0,3.294,10001,35000,24,13/03/2018,28/02/2019
SC4,Scotland,0,3.294,10001,35000,24,13/03/2018,28/02/2019
SE1,South of England,0,3.261,10001,35000,24,13/03/2018,28/02/2019
SE2,South of England,0,3.261,10001,35000,24,13/03/2018,28/02/2019
SO1,South of England,0,3.299,10001,35000,24,13/03/2018,28/02/2019
SO2,South of England,0,3.299,10001,35000,24,13/03/2018,28/02/2019
SW1,South West,0,3.391,10001,35000,24,13/03/2018,28/02/2019
SW2,South West,0,3.391,10001,35000,24,13/03/2018,28/02/2019
SW3,South West,0,3.391,10001,35000,24,13/03/2018,28/02/2019
WM1,West Midlands,0,3.219,10001,35000,24,13/03/2018,28/02/2019
WM2,West Midlands,0,3.219,10001,35000,24,13/03/2018,28/02/2019
WM3,West Midlands,0,3.219,10001,35000,24,13/03/2018,28/02/2019
WA1,Wales North,0,3.334,10001,35000,24,13/03/2018,28/02/2019
WA2,Wales South,0,3.257,10001,35000,24,13/03/2018,28/02/2019
EA1,East of England,0,2.924,35001,73268,24,13/03/2018,28/02/2019
EA2,East of England,0,2.924,35001,73268,24,13/03/2018,28/02/2019
EA3,East of England,0,2.924,35001,73268,24,13/03/2018,28/02/2019
EA4,East of England,0,2.924,35001,73268,24,13/03/2018,28/02/2019
EM1,East Midlands,0,2.94,35001,73268,24,13/03/2018,28/02/2019
EM2,East Midlands,0,2.94,35001,73268,24,13/03/2018,28/02/2019
EM3,East Midlands,0,2.94,35001,73268,24,13/03/2018,28/02/2019
EM4,East Midlands,0,2.94,35001,73268,24,13/03/2018,28/02/2019
NE1,North of England,0,3.05,35001,73268,24,13/03/2018,28/02/2019
NE2,North of England,0,3.05,35001,73268,24,13/03/2018,28/02/2019
NE3,North of England,0,3.05,35001,73268,24,13/03/2018,28/02/2019
NO1,North of England,0,3.05,35001,73268,24,13/03/2018,28/02/2019
NO2,North of England,0,3.05,35001,73268,24,13/03/2018,28/02/2019
NT1,London,0,3.094,35001,73268,24,13/03/2018,28/02/2019
NT2,London,0,3.094,35001,73268,24,13/03/2018,28/02/2019
NT3,London,0,3.094,35001,73268,24,13/03/2018,28/02/2019
NW1,North West,0,3.043,35001,73268,24,13/03/2018,28/02/2019
NW2,North West,0,3.043,35001,73268,24,13/03/2018,28/02/2019
SC1,Scotland,0,3.079,35001,73268,24,13/03/2018,28/02/2019
SC2,Scotland,0,3.079,35001,73268,24,13/03/2018,28/02/2019
SC4,Scotland,0,3.079,35001,73268,24,13/03/2018,28/02/2019
SE1,South of England,0,3.047,35001,73268,24,13/03/2018,28/02/2019
SE2,South of England,0,3.047,35001,73268,24,13/03/2018,28/02/2019
SO1,South of England,0,3.076,35001,73268,24,13/03/2018,28/02/2019
SO2,South of England,0,3.076,35001,73268,24,13/03/2018,28/02/2019
SW1,South West,0,3.175,35001,73268,24,13/03/2018,28/02/2019
SW2,South West,0,3.175,35001,73268,24,13/03/2018,28/02/2019
SW3,South West,0,3.175,35001,73268,24,13/03/2018,28/02/2019
WM1,West Midlands,0,2.993,35001,73268,24,13/03/2018,28/02/2019
WM2,West Midlands,0,2.993,35001,73268,24,13/03/2018,28/02/2019
WM3,West Midlands,0,2.993,35001,73268,24,13/03/2018,28/02/2019
WA1,Wales North,0,3.109,35001,73268,24,13/03/2018,28/02/2019
WA2,Wales South,0,3.029,35001,73268,24,13/03/2018,28/02/2019
EA1,East of England,0,2.57,73269,110000,24,13/03/2018,28/02/2019
EA2,East of England,0,2.57,73269,110000,24,13/03/2018,28/02/2019
EA3,East of England,0,2.57,73269,110000,24,13/03/2018,28/02/2019
EA4,East of England,0,2.57,73269,110000,24,13/03/2018,28/02/2019
EM1,East Midlands,0,2.578,73269,110000,24,13/03/2018,28/02/2019
EM2,East Midlands,0,2.578,73269,110000,24,13/03/2018,28/02/2019
EM3,East Midlands,0,2.578,73269,110000,24,13/03/2018,28/02/2019
EM4,East Midlands,0,2.578,73269,110000,24,13/03/2018,28/02/2019
NE1,North of England,0,2.702,73269,110000,24,13/03/2018,28/02/2019
NE2,North of England,0,2.702,73269,110000,24,13/03/2018,28/02/2019
NE3,North of England,0,2.702,73269,110000,24,13/03/2018,28/02/2019
NO1,North of England,0,2.707,73269,110000,24,13/03/2018,28/02/2019
NO2,North of England,0,2.707,73269,110000,24,13/03/2018,28/02/2019
NT1,London,0,2.753,73269,110000,24,13/03/2018,28/02/2019
NT2,London,0,2.753,73269,110000,24,13/03/2018,28/02/2019
NT3,London,0,2.753,73269,110000,24,13/03/2018,28/02/2019
NW1,North West,0,2.702,73269,110000,24,13/03/2018,28/02/2019
NW2,North West,0,2.702,73269,110000,24,13/03/2018,28/02/2019
SC1,Scotland,0,2.728,73269,110000,24,13/03/2018,28/02/2019
SC2,Scotland,0,2.728,73269,110000,24,13/03/2018,28/02/2019
SC4,Scotland,0,2.728,73269,110000,24,13/03/2018,28/02/2019
SE1,South of England,0,2.695,73269,110000,24,13/03/2018,28/02/2019
SE2,South of England,0,2.695,73269,110000,24,13/03/2018,28/02/2019
SO1,South of England,0,2.72,73269,110000,24,13/03/2018,28/02/2019
SO2,South of England,0,2.72,73269,110000,24,13/03/2018,28/02/2019
SW1,South West,0,2.849,73269,110000,24,13/03/2018,28/02/2019
SW2,South West,0,2.849,73269,110000,24,13/03/2018,28/02/2019
SW3,South West,0,2.849,73269,110000,24,13/03/2018,28/02/2019
WM1,West Midlands,0,2.713,73269,110000,24,13/03/2018,28/02/2019
WM2,West Midlands,0,2.713,73269,110000,24,13/03/2018,28/02/2019
WM3,West Midlands,0,2.713,73269,110000,24,13/03/2018,28/02/2019
WA1,Wales North,0,2.785,73269,110000,24,13/03/2018,28/02/2019
WA2,Wales South,0,2.703,73269,110000,24,13/03/2018,28/02/2019
EA1,East of England,0,2.51,110001,145000,24,13/03/2018,28/02/2019
EA2,East of England,0,2.51,110001,145000,24,13/03/2018,28/02/2019
EA3,East of England,0,2.51,110001,145000,24,13/03/2018,28/02/2019
EA4,East of England,0,2.51,110001,145000,24,13/03/2018,28/02/2019
EM1,East Midlands,0,2.518,110001,145000,24,13/03/2018,28/02/2019
EM2,East Midlands,0,2.518,110001,145000,24,13/03/2018,28/02/2019
EM3,East Midlands,0,2.518,110001,145000,24,13/03/2018,28/02/2019
EM4,East Midlands,0,2.518,110001,145000,24,13/03/2018,28/02/2019
NE1,North of England,0,2.638,110001,145000,24,13/03/2018,28/02/2019
NE2,North of England,0,2.638,110001,145000,24,13/03/2018,28/02/2019
NE3,North of England,0,2.638,110001,145000,24,13/03/2018,28/02/2019
NO1,North of England,0,2.641,110001,145000,24,13/03/2018,28/02/2019
NO2,North of England,0,2.641,110001,145000,24,13/03/2018,28/02/2019
NT1,London,0,2.684,110001,145000,24,13/03/2018,28/02/2019
NT2,London,0,2.684,110001,145000,24,13/03/2018,28/02/2019
NT3,London,0,2.684,110001,145000,24,13/03/2018,28/02/2019
NW1,North West,0,2.647,110001,145000,24,13/03/2018,28/02/2019
NW2,North West,0,2.647,110001,145000,24,13/03/2018,28/02/2019
SC1,Scotland,0,2.663,110001,145000,24,13/03/2018,28/02/2019
SC2,Scotland,0,2.663,110001,145000,24,13/03/2018,28/02/2019
SC4,Scotland,0,2.663,110001,145000,24,13/03/2018,28/02/2019
SE1,South of England,0,2.63,110001,145000,24,13/03/2018,28/02/2019
SE2,South of England,0,2.63,110001,145000,24,13/03/2018,28/02/2019
SO1,South of England,0,2.657,110001,145000,24,13/03/2018,28/02/2019
SO2,South of England,0,2.657,110001,145000,24,13/03/2018,28/02/2019
SW1,South West,0,2.785,110001,145000,24,13/03/2018,28/02/2019
SW2,South West,0,2.785,110001,145000,24,13/03/2018,28/02/2019
SW3,South West,0,2.785,110001,145000,24,13/03/2018,28/02/2019
WM1,West Midlands,0,2.655,110001,145000,24,13/03/2018,28/02/2019
WM2,West Midlands,0,2.655,110001,145000,24,13/03/2018,28/02/2019
WM3,West Midlands,0,2.655,110001,145000,24,13/03/2018,28/02/2019
WA1,Wales North,0,2.721,110001,145000,24,13/03/2018,28/02/2019
WA2,Wales South,0,2.639,110001,145000,24,13/03/2018,28/02/2019
EA1,East of England,0,2.476,145001,220000,24,13/03/2018,28/02/2019
EA2,East of England,0,2.476,145001,220000,24,13/03/2018,28/02/2019
EA3,East of England,0,2.476,145001,220000,24,13/03/2018,28/02/2019
EA4,East of England,0,2.476,145001,220000,24,13/03/2018,28/02/2019
EM1,East Midlands,0,2.487,145001,220000,24,13/03/2018,28/02/2019
EM2,East Midlands,0,2.487,145001,220000,24,13/03/2018,28/02/2019
EM3,East Midlands,0,2.487,145001,220000,24,13/03/2018,28/02/2019
EM4,East Midlands,0,2.487,145001,220000,24,13/03/2018,28/02/2019
NE1,North of England,0,2.603,145001,220000,24,13/03/2018,28/02/2019
NE2,North of England,0,2.603,145001,220000,24,13/03/2018,28/02/2019
NE3,North of England,0,2.603,145001,220000,24,13/03/2018,28/02/2019
NO1,North of England,0,2.603,145001,220000,24,13/03/2018,28/02/2019
NO2,North of England,0,2.603,145001,220000,24,13/03/2018,28/02/2019
NT1,London,0,2.646,145001,220000,24,13/03/2018,28/02/2019
NT2,London,0,2.646,145001,220000,24,13/03/2018,28/02/2019
NT3,London,0,2.646,145001,220000,24,13/03/2018,28/02/2019
NW1,North West,0,2.617,145001,220000,24,13/03/2018,28/02/2019
NW2,North West,0,2.617,145001,220000,24,13/03/2018,28/02/2019
SC1,Scotland,0,2.628,145001,220000,24,13/03/2018,28/02/2019
SC2,Scotland,0,2.628,145001,220000,24,13/03/2018,28/02/2019
SC4,Scotland,0,2.628,145001,220000,24,13/03/2018,28/02/2019
SE1,South of England,0,2.596,145001,220000,24,13/03/2018,28/02/2019
SE2,South of England,0,2.596,145001,220000,24,13/03/2018,28/02/2019
SO1,South of England,0,2.622,145001,220000,24,13/03/2018,28/02/2019
SO2,South of England,0,2.622,145001,220000,24,13/03/2018,28/02/2019
SW1,South West,0,2.75,145001,220000,24,13/03/2018,28/02/2019
SW2,South West,0,2.75,145001,220000,24,13/03/2018,28/02/2019
SW3,South West,0,2.75,145001,220000,24,13/03/2018,28/02/2019
WM1,West Midlands,0,2.621,145001,220000,24,13/03/2018,28/02/2019
WM2,West Midlands,0,2.621,145001,220000,24,13/03/2018,28/02/2019
WM3,West Midlands,0,2.621,145001,220000,24,13/03/2018,28/02/2019
WA1,Wales North,0,2.687,145001,220000,24,13/03/2018,28/02/2019
WA2,Wales South,0,2.604,145001,220000,24,13/03/2018,28/02/2019
EA1,East of England,0,2.47,220001,293071,24,13/03/2018,28/02/2019
EA2,East of England,0,2.47,220001,293071,24,13/03/2018,28/02/2019
EA3,East of England,0,2.47,220001,293071,24,13/03/2018,28/02/2019
EA4,East of England,0,2.47,220001,293071,24,13/03/2018,28/02/2019
EM1,East Midlands,0,2.482,220001,293071,24,13/03/2018,28/02/2019
EM2,East Midlands,0,2.482,220001,293071,24,13/03/2018,28/02/2019
EM3,East Midlands,0,2.482,220001,293071,24,13/03/2018,28/02/2019
EM4,East Midlands,0,2.482,220001,293071,24,13/03/2018,28/02/2019
NE1,North of England,0,2.597,220001,293071,24,13/03/2018,28/02/2019
NE2,North of England,0,2.597,220001,293071,24,13/03/2018,28/02/2019
NE3,North of England,0,2.597,220001,293071,24,13/03/2018,28/02/2019
NO1,North of England,0,2.599,220001,293071,24,13/03/2018,28/02/2019
NO2,North of England,0,2.599,220001,293071,24,13/03/2018,28/02/2019
NT1,London,0,2.637,220001,293071,24,13/03/2018,28/02/2019
NT2,London,0,2.637,220001,293071,24,13/03/2018,28/02/2019
NT3,London,0,2.637,220001,293071,24,13/03/2018,28/02/2019
NW1,North West,0,2.616,220001,293071,24,13/03/2018,28/02/2019
NW2,North West,0,2.616,220001,293071,24,13/03/2018,28/02/2019
SC1,Scotland,0,2.625,220001,293071,24,13/03/2018,28/02/2019
SC2,Scotland,0,2.625,220001,293071,24,13/03/2018,28/02/2019
SC4,Scotland,0,2.625,220001,293071,24,13/03/2018,28/02/2019
SE1,South of England,0,2.591,220001,293071,24,13/03/2018,28/02/2019
SE2,South of England,0,2.591,220001,293071,24,13/03/2018,28/02/2019
SO1,South of England,0,2.619,220001,293071,24,13/03/2018,28/02/2019
SO2,South of England,0,2.619,220001,293071,24,13/03/2018,28/02/2019
SW1,South West,0,2.75,220001,293071,24,13/03/2018,28/02/2019
SW2,South West,0,2.75,220001,293071,24,13/03/2018,28/02/2019
SW3,South West,0,2.75,220001,293071,24,13/03/2018,28/02/2019
WM1,West Midlands,0,2.621,220001,293071,24,13/03/2018,28/02/2019
WM2,West Midlands,0,2.621,220001,293071,24,13/03/2018,28/02/2019
WM3,West Midlands,0,2.621,220001,293071,24,13/03/2018,28/02/2019
WA1,Wales North,0,2.685,220001,293071,24,13/03/2018,28/02/2019
WA2,Wales South,0,2.6,220001,293071,24,13/03/2018,28/02/2019
EA1,East of England,0,2.465,293072,350000,24,13/03/2018,28/02/2019
EA2,East of England,0,2.465,293072,350000,24,13/03/2018,28/02/2019
EA3,East of England,0,2.465,293072,350000,24,13/03/2018,28/02/2019
EA4,East of England,0,2.465,293072,350000,24,13/03/2018,28/02/2019
EM1,East Midlands,0,2.476,293072,350000,24,13/03/2018,28/02/2019
EM2,East Midlands,0,2.476,293072,350000,24,13/03/2018,28/02/2019
EM3,East Midlands,0,2.476,293072,350000,24,13/03/2018,28/02/2019
EM4,East Midlands,0,2.476,293072,350000,24,13/03/2018,28/02/2019
NE1,North of England,0,2.59,293072,350000,24,13/03/2018,28/02/2019
NE2,North of England,0,2.59,293072,350000,24,13/03/2018,28/02/2019
NE3,North of England,0,2.59,293072,350000,24,13/03/2018,28/02/2019
NO1,North of England,0,2.591,293072,350000,24,13/03/2018,28/02/2019
NO2,North of England,0,2.591,293072,350000,24,13/03/2018,28/02/2019
NT1,London,0,2.629,293072,350000,24,13/03/2018,28/02/2019
NT2,London,0,2.629,293072,350000,24,13/03/2018,28/02/2019
NT3,London,0,2.629,293072,350000,24,13/03/2018,28/02/2019
NW1,North West,0,2.612,293072,350000,24,13/03/2018,28/02/2019
NW2,North West,0,2.612,293072,350000,24,13/03/2018,28/02/2019
SC1,Scotland,0,2.618,293072,350000,24,13/03/2018,28/02/2019
SC2,Scotland,0,2.618,293072,350000,24,13/03/2018,28/02/2019
SC4,Scotland,0,2.618,293072,350000,24,13/03/2018,28/02/2019
SE1,South of England,0,2.585,293072,350000,24,13/03/2018,28/02/2019
SE2,South of England,0,2.585,293072,350000,24,13/03/2018,28/02/2019
SO1,South of England,0,2.612,293072,350000,24,13/03/2018,28/02/2019
SO2,South of England,0,2.612,293072,350000,24,13/03/2018,28/02/2019
SW1,South West,0,2.743,293072,350000,24,13/03/2018,28/02/2019
SW2,South West,0,2.743,293072,350000,24,13/03/2018,28/02/2019
SW3,South West,0,2.743,293072,350000,24,13/03/2018,28/02/2019
WM1,West Midlands,0,2.616,293072,350000,24,13/03/2018,28/02/2019
WM2,West Midlands,0,2.616,293072,350000,24,13/03/2018,28/02/2019
WM3,West Midlands,0,2.616,293072,350000,24,13/03/2018,28/02/2019
WA1,Wales North,0,2.678,293072,350000,24,13/03/2018,28/02/2019
WA2,Wales South,0,2.593,293072,350000,24,13/03/2018,28/02/2019
EA1,East of England,0,2.46,350001,400000,24,13/03/2018,28/02/2019
EA2,East of England,0,2.46,350001,400000,24,13/03/2018,28/02/2019
EA3,East of England,0,2.46,350001,400000,24,13/03/2018,28/02/2019
EA4,East of England,0,2.46,350001,400000,24,13/03/2018,28/02/2019
EM1,East Midlands,0,2.47,350001,400000,24,13/03/2018,28/02/2019
EM2,East Midlands,0,2.47,350001,400000,24,13/03/2018,28/02/2019
EM3,East Midlands,0,2.47,350001,400000,24,13/03/2018,28/02/2019
EM4,East Midlands,0,2.47,350001,400000,24,13/03/2018,28/02/2019
NE1,North of England,0,2.584,350001,400000,24,13/03/2018,28/02/2019
NE2,North of England,0,2.584,350001,400000,24,13/03/2018,28/02/2019
NE3,North of England,0,2.584,350001,400000,24,13/03/2018,28/02/2019
NO1,North of England,0,2.585,350001,400000,24,13/03/2018,28/02/2019
NO2,North of England,0,2.585,350001,400000,24,13/03/2018,28/02/2019
NT1,London,0,2.622,350001,400000,24,13/03/2018,28/02/2019
NT2,London,0,2.622,350001,400000,24,13/03/2018,28/02/2019
NT3,London,0,2.622,350001,400000,24,13/03/2018,28/02/2019
NW1,North West,0,2.607,350001,400000,24,13/03/2018,28/02/2019
NW2,North West,0,2.607,350001,400000,24,13/03/2018,28/02/2019
SC1,Scotland,0,2.612,350001,400000,24,13/03/2018,28/02/2019
SC2,Scotland,0,2.612,350001,400000,24,13/03/2018,28/02/2019
SC4,Scotland,0,2.612,350001,400000,24,13/03/2018,28/02/2019
SE1,South of England,0,2.579,350001,400000,24,13/03/2018,28/02/2019
SE2,South of England,0,2.579,350001,400000,24,13/03/2018,28/02/2019
SO1,South of England,0,2.606,350001,400000,24,13/03/2018,28/02/2019
SO2,South of England,0,2.606,350001,400000,24,13/03/2018,28/02/2019
SW1,South West,0,2.738,350001,400000,24,13/03/2018,28/02/2019
SW2,South West,0,2.738,350001,400000,24,13/03/2018,28/02/2019
SW3,South West,0,2.738,350001,400000,24,13/03/2018,28/02/2019
WM1,West Midlands,0,2.61,350001,400000,24,13/03/2018,28/02/2019
WM2,West Midlands,0,2.61,350001,400000,24,13/03/2018,28/02/2019
WM3,West Midlands,0,2.61,350001,400000,24,13/03/2018,28/02/2019
WA1,Wales North,0,2.672,350001,400000,24,13/03/2018,28/02/2019
WA2,Wales South,0,2.587,350001,400000,24,13/03/2018,28/02/2019
EA1,East of England,0,2.474,400001,450000,24,13/03/2018,28/02/2019
EA2,East of England,0,2.474,400001,450000,24,13/03/2018,28/02/2019
EA3,East of England,0,2.474,400001,450000,24,13/03/2018,28/02/2019
EA4,East of England,0,2.474,400001,450000,24,13/03/2018,28/02/2019
EM1,East Midlands,0,2.484,400001,450000,24,13/03/2018,28/02/2019
EM2,East Midlands,0,2.484,400001,450000,24,13/03/2018,28/02/2019
EM3,East Midlands,0,2.484,400001,450000,24,13/03/2018,28/02/2019
EM4,East Midlands,0,2.484,400001,450000,24,13/03/2018,28/02/2019
NE1,North of England,0,2.597,400001,450000,24,13/03/2018,28/02/2019
NE2,North of England,0,2.597,400001,450000,24,13/03/2018,28/02/2019
NE3,North of England,0,2.597,400001,450000,24,13/03/2018,28/02/2019
NO1,North of England,0,2.598,400001,450000,24,13/03/2018,28/02/2019
NO2,North of England,0,2.598,400001,450000,24,13/03/2018,28/02/2019
NT1,London,0,2.635,400001,450000,24,13/03/2018,28/02/2019
NT2,London,0,2.635,400001,450000,24,13/03/2018,28/02/2019
NT3,London,0,2.635,400001,450000,24,13/03/2018,28/02/2019
NW1,North West,0,2.621,400001,450000,24,13/03/2018,28/02/2019
NW2,North West,0,2.621,400001,450000,24,13/03/2018,28/02/2019
SC1,Scotland,0,2.626,400001,450000,24,13/03/2018,28/02/2019
SC2,Scotland,0,2.626,400001,450000,24,13/03/2018,28/02/2019
SC4,Scotland,0,2.626,400001,450000,24,13/03/2018,28/02/2019
SE1,South of England,0,2.592,400001,450000,24,13/03/2018,28/02/2019
SE2,South of England,0,2.592,400001,450000,24,13/03/2018,28/02/2019
SO1,South of England,0,2.62,400001,450000,24,13/03/2018,28/02/2019
SO2,South of England,0,2.62,400001,450000,24,13/03/2018,28/02/2019
SW1,South West,0,2.751,400001,450000,24,13/03/2018,28/02/2019
SW2,South West,0,2.751,400001,450000,24,13/03/2018,28/02/2019
SW3,South West,0,2.751,400001,450000,24,13/03/2018,28/02/2019
WM1,West Midlands,0,2.623,400001,450000,24,13/03/2018,28/02/2019
WM2,West Midlands,0,2.623,400001,450000,24,13/03/2018,28/02/2019
WM3,West Midlands,0,2.623,400001,450000,24,13/03/2018,28/02/2019
WA1,Wales North,0,2.686,400001,450000,24,13/03/2018,28/02/2019
WA2,Wales South,0,2.601,400001,450000,24,13/03/2018,28/02/2019
EA1,East of England,0,2.463,450001,500000,24,13/03/2018,28/02/2019
EA2,East of England,0,2.463,450001,500000,24,13/03/2018,28/02/2019
EA3,East of England,0,2.463,450001,500000,24,13/03/2018,28/02/2019
EA4,East of England,0,2.463,450001,500000,24,13/03/2018,28/02/2019
EM1,East Midlands,0,2.473,450001,500000,24,13/03/2018,28/02/2019
EM2,East Midlands,0,2.473,450001,500000,24,13/03/2018,28/02/2019
EM3,East Midlands,0,2.473,450001,500000,24,13/03/2018,28/02/2019
EM4,East Midlands,0,2.473,450001,500000,24,13/03/2018,28/02/2019
NE1,North of England,0,2.586,450001,500000,24,13/03/2018,28/02/2019
NE2,North of England,0,2.586,450001,500000,24,13/03/2018,28/02/2019
NE3,North of England,0,2.586,450001,500000,24,13/03/2018,28/02/2019
NO1,North of England,0,2.587,450001,500000,24,13/03/2018,28/02/2019
NO2,North of England,0,2.587,450001,500000,24,13/03/2018,28/02/2019
NT1,London,0,2.624,450001,500000,24,13/03/2018,28/02/2019
NT2,London,0,2.624,450001,500000,24,13/03/2018,28/02/2019
NT3,London,0,2.624,450001,500000,24,13/03/2018,28/02/2019
NW1,North West,0,2.611,450001,500000,24,13/03/2018,28/02/2019
NW2,North West,0,2.611,450001,500000,24,13/03/2018,28/02/2019
SC1,Scotland,0,2.615,450001,500000,24,13/03/2018,28/02/2019
SC2,Scotland,0,2.615,450001,500000,24,13/03/2018,28/02/2019
SC4,Scotland,0,2.615,450001,500000,24,13/03/2018,28/02/2019
SE1,South of England,0,2.581,450001,500000,24,13/03/2018,28/02/2019
SE2,South of England,0,2.581,450001,500000,24,13/03/2018,28/02/2019
SO1,South of England,0,2.609,450001,500000,24,13/03/2018,28/02/2019
SO2,South of England,0,2.609,450001,500000,24,13/03/2018,28/02/2019
SW1,South West,0,2.74,450001,500000,24,13/03/2018,28/02/2019
SW2,South West,0,2.74,450001,500000,24,13/03/2018,28/02/2019
SW3,South West,0,2.74,450001,500000,24,13/03/2018,28/02/2019
WM1,West Midlands,0,2.613,450001,500000,24,13/03/2018,28/02/2019
WM2,West Midlands,0,2.613,450001,500000,24,13/03/2018,28/02/2019
WM3,West Midlands,0,2.613,450001,500000,24,13/03/2018,28/02/2019
WA1,Wales North,0,2.675,450001,500000,24,13/03/2018,28/02/2019
WA2,Wales South,0,2.59,450001,500000,24,13/03/2018,28/02/2019
EA1,East of England,0,3.129,10001,35000,36,13/03/2018,28/02/2019
EA2,East of England,0,3.129,10001,35000,36,13/03/2018,28/02/2019
EA3,East of England,0,3.129,10001,35000,36,13/03/2018,28/02/2019
EA4,East of England,0,3.129,10001,35000,36,13/03/2018,28/02/2019
EM1,East Midlands,0,3.129,10001,35000,36,13/03/2018,28/02/2019
EM2,East Midlands,0,3.129,10001,35000,36,13/03/2018,28/02/2019
EM3,East Midlands,0,3.129,10001,35000,36,13/03/2018,28/02/2019
EM4,East Midlands,0,3.129,10001,35000,36,13/03/2018,28/02/2019
NE1,North of England,0,3.264,10001,35000,36,13/03/2018,28/02/2019
NE2,North of England,0,3.264,10001,35000,36,13/03/2018,28/02/2019
NE3,North of England,0,3.264,10001,35000,36,13/03/2018,28/02/2019
NO1,North of England,0,3.264,10001,35000,36,13/03/2018,28/02/2019
NO2,North of England,0,3.264,10001,35000,36,13/03/2018,28/02/2019
NT1,London,0,3.303,10001,35000,36,13/03/2018,28/02/2019
NT2,London,0,3.303,10001,35000,36,13/03/2018,28/02/2019
NT3,London,0,3.303,10001,35000,36,13/03/2018,28/02/2019
NW1,North West,0,3.246,10001,35000,36,13/03/2018,28/02/2019
NW2,North West,0,3.246,10001,35000,36,13/03/2018,28/02/2019
SC1,Scotland,0,3.302,10001,35000,36,13/03/2018,28/02/2019
SC2,Scotland,0,3.302,10001,35000,36,13/03/2018,28/02/2019
SC4,Scotland,0,3.302,10001,35000,36,13/03/2018,28/02/2019
SE1,South of England,0,3.249,10001,35000,36,13/03/2018,28/02/2019
SE2,South of England,0,3.249,10001,35000,36,13/03/2018,28/02/2019
SO1,South of England,0,3.268,10001,35000,36,13/03/2018,28/02/2019
SO2,South of England,0,3.268,10001,35000,36,13/03/2018,28/02/2019
SW1,South West,0,3.38,10001,35000,36,13/03/2018,28/02/2019
SW2,South West,0,3.38,10001,35000,36,13/03/2018,28/02/2019
SW3,South West,0,3.38,10001,35000,36,13/03/2018,28/02/2019
WM1,West Midlands,0,3.188,10001,35000,36,13/03/2018,28/02/2019
WM2,West Midlands,0,3.188,10001,35000,36,13/03/2018,28/02/2019
WM3,West Midlands,0,3.188,10001,35000,36,13/03/2018,28/02/2019
WA1,Wales North,0,3.322,10001,35000,36,13/03/2018,28/02/2019
WA2,Wales South,0,3.226,10001,35000,36,13/03/2018,28/02/2019
EA1,East of England,0,2.894,35001,73268,36,13/03/2018,28/02/2019
EA2,East of England,0,2.894,35001,73268,36,13/03/2018,28/02/2019
EA3,East of England,0,2.894,35001,73268,36,13/03/2018,28/02/2019
EA4,East of England,0,2.894,35001,73268,36,13/03/2018,28/02/2019
EM1,East Midlands,0,2.909,35001,73268,36,13/03/2018,28/02/2019
EM2,East Midlands,0,2.909,35001,73268,36,13/03/2018,28/02/2019
EM3,East Midlands,0,2.909,35001,73268,36,13/03/2018,28/02/2019
EM4,East Midlands,0,2.909,35001,73268,36,13/03/2018,28/02/2019
NE1,North of England,0,3.049,35001,73268,36,13/03/2018,28/02/2019
NE2,North of England,0,3.049,35001,73268,36,13/03/2018,28/02/2019
NE3,North of England,0,3.049,35001,73268,36,13/03/2018,28/02/2019
NO1,North of England,0,3.041,35001,73268,36,13/03/2018,28/02/2019
NO2,North of England,0,3.041,35001,73268,36,13/03/2018,28/02/2019
NT1,London,0,3.078,35001,73268,36,13/03/2018,28/02/2019
NT2,London,0,3.078,35001,73268,36,13/03/2018,28/02/2019
NT3,London,0,3.078,35001,73268,36,13/03/2018,28/02/2019
NW1,North West,0,3.021,35001,73268,36,13/03/2018,28/02/2019
NW2,North West,0,3.021,35001,73268,36,13/03/2018,28/02/2019
SC1,Scotland,0,3.07,35001,73268,36,13/03/2018,28/02/2019
SC2,Scotland,0,3.07,35001,73268,36,13/03/2018,28/02/2019
SC4,Scotland,0,3.07,35001,73268,36,13/03/2018,28/02/2019
SE1,South of England,0,3.016,35001,73268,36,13/03/2018,28/02/2019
SE2,South of England,0,3.016,35001,73268,36,13/03/2018,28/02/2019
SO1,South of England,0,3.045,35001,73268,36,13/03/2018,28/02/2019
SO2,South of England,0,3.045,35001,73268,36,13/03/2018,28/02/2019
SW1,South West,0,3.151,35001,73268,36,13/03/2018,28/02/2019
SW2,South West,0,3.151,35001,73268,36,13/03/2018,28/02/2019
SW3,South West,0,3.151,35001,73268,36,13/03/2018,28/02/2019
WM1,West Midlands,0,2.955,35001,73268,36,13/03/2018,28/02/2019
WM2,West Midlands,0,2.955,35001,73268,36,13/03/2018,28/02/2019
WM3,West Midlands,0,2.955,35001,73268,36,13/03/2018,28/02/2019
WA1,Wales North,0,3.093,35001,73268,36,13/03/2018,28/02/2019
WA2,Wales South,0,3.005,35001,73268,36,13/03/2018,28/02/2019
EA1,East of England,0,2.539,73269,110000,36,13/03/2018,28/02/2019
EA2,East of England,0,2.539,73269,110000,36,13/03/2018,28/02/2019
EA3,East of England,0,2.539,73269,110000,36,13/03/2018,28/02/2019
EA4,East of England,0,2.539,73269,110000,36,13/03/2018,28/02/2019
EM1,East Midlands,0,2.547,73269,110000,36,13/03/2018,28/02/2019
EM2,East Midlands,0,2.547,73269,110000,36,13/03/2018,28/02/2019
EM3,East Midlands,0,2.547,73269,110000,36,13/03/2018,28/02/2019
EM4,East Midlands,0,2.547,73269,110000,36,13/03/2018,28/02/2019
NE1,North of England,0,2.692,73269,110000,36,13/03/2018,28/02/2019
NE2,North of England,0,2.692,73269,110000,36,13/03/2018,28/02/2019
NE3,North of England,0,2.692,73269,110000,36,13/03/2018,28/02/2019
NO1,North of England,0,2.692,73269,110000,36,13/03/2018,28/02/2019
NO2,North of England,0,2.692,73269,110000,36,13/03/2018,28/02/2019
NT1,London,0,2.734,73269,110000,36,13/03/2018,28/02/2019
NT2,London,0,2.734,73269,110000,36,13/03/2018,28/02/2019
NT3,London,0,2.734,73269,110000,36,13/03/2018,28/02/2019
NW1,North West,0,2.676,73269,110000,36,13/03/2018,28/02/2019
NW2,North West,0,2.676,73269,110000,36,13/03/2018,28/02/2019
SC1,Scotland,0,2.713,73269,110000,36,13/03/2018,28/02/2019
SC2,Scotland,0,2.713,73269,110000,36,13/03/2018,28/02/2019
SC4,Scotland,0,2.713,73269,110000,36,13/03/2018,28/02/2019
SE1,South of England,0,2.665,73269,110000,36,13/03/2018,28/02/2019
SE2,South of England,0,2.665,73269,110000,36,13/03/2018,28/02/2019
SO1,South of England,0,2.694,73269,110000,36,13/03/2018,28/02/2019
SO2,South of England,0,2.694,73269,110000,36,13/03/2018,28/02/2019
SW1,South West,0,2.827,73269,110000,36,13/03/2018,28/02/2019
SW2,South West,0,2.827,73269,110000,36,13/03/2018,28/02/2019
SW3,South West,0,2.827,73269,110000,36,13/03/2018,28/02/2019
WM1,West Midlands,0,2.683,73269,110000,36,13/03/2018,28/02/2019
WM2,West Midlands,0,2.683,73269,110000,36,13/03/2018,28/02/2019
WM3,West Midlands,0,2.683,73269,110000,36,13/03/2018,28/02/2019
WA1,Wales North,0,2.762,73269,110000,36,13/03/2018,28/02/2019
WA2,Wales South,0,2.677,73269,110000,36,13/03/2018,28/02/2019
EA1,East of England,0,2.479,110001,145000,36,13/03/2018,28/02/2019
EA2,East of England,0,2.479,110001,145000,36,13/03/2018,28/02/2019
EA3,East of England,0,2.479,110001,145000,36,13/03/2018,28/02/2019
EA4,East of England,0,2.479,110001,145000,36,13/03/2018,28/02/2019
EM1,East Midlands,0,2.487,110001,145000,36,13/03/2018,28/02/2019
EM2,East Midlands,0,2.487,110001,145000,36,13/03/2018,28/02/2019
EM3,East Midlands,0,2.487,110001,145000,36,13/03/2018,28/02/2019
EM4,East Midlands,0,2.487,110001,145000,36,13/03/2018,28/02/2019
NE1,North of England,0,2.625,110001,145000,36,13/03/2018,28/02/2019
NE2,North of England,0,2.625,110001,145000,36,13/03/2018,28/02/2019
NE3,North of England,0,2.625,110001,145000,36,13/03/2018,28/02/2019
NO1,North of England,0,2.628,110001,145000,36,13/03/2018,28/02/2019
NO2,North of England,0,2.628,110001,145000,36,13/03/2018,28/02/2019
NT1,London,0,2.665,110001,145000,36,13/03/2018,28/02/2019
NT2,London,0,2.665,110001,145000,36,13/03/2018,28/02/2019
NT3,London,0,2.665,110001,145000,36,13/03/2018,28/02/2019
NW1,North West,0,2.619,110001,145000,36,13/03/2018,28/02/2019
NW2,North West,0,2.619,110001,145000,36,13/03/2018,28/02/2019
SC1,Scotland,0,2.649,110001,145000,36,13/03/2018,28/02/2019
SC2,Scotland,0,2.649,110001,145000,36,13/03/2018,28/02/2019
SC4,Scotland,0,2.649,110001,145000,36,13/03/2018,28/02/2019
SE1,South of England,0,2.603,110001,145000,36,13/03/2018,28/02/2019
SE2,South of England,0,2.603,110001,145000,36,13/03/2018,28/02/2019
SO1,South of England,0,2.63,110001,145000,36,13/03/2018,28/02/2019
SO2,South of England,0,2.63,110001,145000,36,13/03/2018,28/02/2019
SW1,South West,0,2.76,110001,145000,36,13/03/2018,28/02/2019
SW2,South West,0,2.76,110001,145000,36,13/03/2018,28/02/2019
SW3,South West,0,2.76,110001,145000,36,13/03/2018,28/02/2019
WM1,West Midlands,0,2.622,110001,145000,36,13/03/2018,28/02/2019
WM2,West Midlands,0,2.622,110001,145000,36,13/03/2018,28/02/2019
WM3,West Midlands,0,2.622,110001,145000,36,13/03/2018,28/02/2019
WA1,Wales North,0,2.699,110001,145000,36,13/03/2018,28/02/2019
WA2,Wales South,0,2.614,110001,145000,36,13/03/2018,28/02/2019
EA1,East of England,0,2.447,145001,220000,36,13/03/2018,28/02/2019
EA2,East of England,0,2.447,145001,220000,36,13/03/2018,28/02/2019
EA3,East of England,0,2.447,145001,220000,36,13/03/2018,28/02/2019
EA4,East of England,0,2.447,145001,220000,36,13/03/2018,28/02/2019
EM1,East Midlands,0,2.458,145001,220000,36,13/03/2018,28/02/2019
EM2,East Midlands,0,2.458,145001,220000,36,13/03/2018,28/02/2019
EM3,East Midlands,0,2.458,145001,220000,36,13/03/2018,28/02/2019
EM4,East Midlands,0,2.458,145001,220000,36,13/03/2018,28/02/2019
NE1,North of England,0,2.588,145001,220000,36,13/03/2018,28/02/2019
NE2,North of England,0,2.588,145001,220000,36,13/03/2018,28/02/2019
NE3,North of England,0,2.588,145001,220000,36,13/03/2018,28/02/2019
NO1,North of England,0,2.59,145001,220000,36,13/03/2018,28/02/2019
NO2,North of England,0,2.59,145001,220000,36,13/03/2018,28/02/2019
NT1,London,0,2.623,145001,220000,36,13/03/2018,28/02/2019
NT2,London,0,2.623,145001,220000,36,13/03/2018,28/02/2019
NT3,London,0,2.623,145001,220000,36,13/03/2018,28/02/2019
NW1,North West,0,2.59,145001,220000,36,13/03/2018,28/02/2019
NW2,North West,0,2.59,145001,220000,36,13/03/2018,28/02/2019
SC1,Scotland,0,2.614,145001,220000,36,13/03/2018,28/02/2019
SC2,Scotland,0,2.614,145001,220000,36,13/03/2018,28/02/2019
SC4,Scotland,0,2.614,145001,220000,36,13/03/2018,28/02/2019
SE1,South of England,0,2.568,145001,220000,36,13/03/2018,28/02/2019
SE2,South of England,0,2.568,145001,220000,36,13/03/2018,28/02/2019
SO1,South of England,0,2.596,145001,220000,36,13/03/2018,28/02/2019
SO2,South of England,0,2.596,145001,220000,36,13/03/2018,28/02/2019
SW1,South West,0,2.727,145001,220000,36,13/03/2018,28/02/2019
SW2,South West,0,2.727,145001,220000,36,13/03/2018,28/02/2019
SW3,South West,0,2.727,145001,220000,36,13/03/2018,28/02/2019
WM1,West Midlands,0,2.591,145001,220000,36,13/03/2018,28/02/2019
WM2,West Midlands,0,2.591,145001,220000,36,13/03/2018,28/02/2019
WM3,West Midlands,0,2.591,145001,220000,36,13/03/2018,28/02/2019
WA1,Wales North,0,2.662,145001,220000,36,13/03/2018,28/02/2019
WA2,Wales South,0,2.579,145001,220000,36,13/03/2018,28/02/2019
EA1,East of England,0,2.439,220001,293071,36,13/03/2018,28/02/2019
EA2,East of England,0,2.439,220001,293071,36,13/03/2018,28/02/2019
EA3,East of England,0,2.439,220001,293071,36,13/03/2018,28/02/2019
EA4,East of England,0,2.439,220001,293071,36,13/03/2018,28/02/2019
EM1,East Midlands,0,2.451,220001,293071,36,13/03/2018,28/02/2019
EM2,East Midlands,0,2.451,220001,293071,36,13/03/2018,28/02/2019
EM3,East Midlands,0,2.451,220001,293071,36,13/03/2018,28/02/2019
EM4,East Midlands,0,2.451,220001,293071,36,13/03/2018,28/02/2019
NE1,North of England,0,2.582,220001,293071,36,13/03/2018,28/02/2019
NE2,North of England,0,2.582,220001,293071,36,13/03/2018,28/02/2019
NE3,North of England,0,2.582,220001,293071,36,13/03/2018,28/02/2019
NO1,North of England,0,2.584,220001,293071,36,13/03/2018,28/02/2019
NO2,North of England,0,2.584,220001,293071,36,13/03/2018,28/02/2019
NT1,London,0,2.617,220001,293071,36,13/03/2018,28/02/2019
NT2,London,0,2.617,220001,293071,36,13/03/2018,28/02/2019
NT3,London,0,2.617,220001,293071,36,13/03/2018,28/02/2019
NW1,North West,0,2.59,220001,293071,36,13/03/2018,28/02/2019
NW2,North West,0,2.59,220001,293071,36,13/03/2018,28/02/2019
SC1,Scotland,0,2.61,220001,293071,36,13/03/2018,28/02/2019
SC2,Scotland,0,2.61,220001,293071,36,13/03/2018,28/02/2019
SC4,Scotland,0,2.61,220001,293071,36,13/03/2018,28/02/2019
SE1,South of England,0,2.564,220001,293071,36,13/03/2018,28/02/2019
SE2,South of England,0,2.564,220001,293071,36,13/03/2018,28/02/2019
SO1,South of England,0,2.592,220001,293071,36,13/03/2018,28/02/2019
SO2,South of England,0,2.592,220001,293071,36,13/03/2018,28/02/2019
SW1,South West,0,2.727,220001,293071,36,13/03/2018,28/02/2019
SW2,South West,0,2.727,220001,293071,36,13/03/2018,28/02/2019
SW3,South West,0,2.727,220001,293071,36,13/03/2018,28/02/2019
WM1,West Midlands,0,2.59,220001,293071,36,13/03/2018,28/02/2019
WM2,West Midlands,0,2.59,220001,293071,36,13/03/2018,28/02/2019
WM3,West Midlands,0,2.59,220001,293071,36,13/03/2018,28/02/2019
WA1,Wales North,0,2.661,220001,293071,36,13/03/2018,28/02/2019
WA2,Wales South,0,2.575,220001,293071,36,13/03/2018,28/02/2019
EA1,East of England,0,2.435,293072,350000,36,13/03/2018,28/02/2019
EA2,East of England,0,2.435,293072,350000,36,13/03/2018,28/02/2019
EA3,East of England,0,2.435,293072,350000,36,13/03/2018,28/02/2019
EA4,East of England,0,2.435,293072,350000,36,13/03/2018,28/02/2019
EM1,East Midlands,0,2.445,293072,350000,36,13/03/2018,28/02/2019
EM2,East Midlands,0,2.445,293072,350000,36,13/03/2018,28/02/2019
EM3,East Midlands,0,2.445,293072,350000,36,13/03/2018,28/02/2019
EM4,East Midlands,0,2.445,293072,350000,36,13/03/2018,28/02/2019
NE1,North of England,0,2.576,293072,350000,36,13/03/2018,28/02/2019
NE2,North of England,0,2.576,293072,350000,36,13/03/2018,28/02/2019
NE3,North of England,0,2.576,293072,350000,36,13/03/2018,28/02/2019
NO1,North of England,0,2.577,293072,350000,36,13/03/2018,28/02/2019
NO2,North of England,0,2.577,293072,350000,36,13/03/2018,28/02/2019
NT1,London,0,2.607,293072,350000,36,13/03/2018,28/02/2019
NT2,London,0,2.607,293072,350000,36,13/03/2018,28/02/2019
NT3,London,0,2.607,293072,350000,36,13/03/2018,28/02/2019
NW1,North West,0,2.585,293072,350000,36,13/03/2018,28/02/2019
NW2,North West,0,2.585,293072,350000,36,13/03/2018,28/02/2019
SC1,Scotland,0,2.603,293072,350000,36,13/03/2018,28/02/2019
SC2,Scotland,0,2.603,293072,350000,36,13/03/2018,28/02/2019
SC4,Scotland,0,2.603,293072,350000,36,13/03/2018,28/02/2019
SE1,South of England,0,2.557,293072,350000,36,13/03/2018,28/02/2019
SE2,South of England,0,2.557,293072,350000,36,13/03/2018,28/02/2019
SO1,South of England,0,2.586,293072,350000,36,13/03/2018,28/02/2019
SO2,South of England,0,2.586,293072,350000,36,13/03/2018,28/02/2019
SW1,South West,0,2.72,293072,350000,36,13/03/2018,28/02/2019
SW2,South West,0,2.72,293072,350000,36,13/03/2018,28/02/2019
SW3,South West,0,2.72,293072,350000,36,13/03/2018,28/02/2019
WM1,West Midlands,0,2.584,293072,350000,36,13/03/2018,28/02/2019
WM2,West Midlands,0,2.584,293072,350000,36,13/03/2018,28/02/2019
WM3,West Midlands,0,2.584,293072,350000,36,13/03/2018,28/02/2019
WA1,Wales North,0,2.654,293072,350000,36,13/03/2018,28/02/2019
WA2,Wales South,0,2.569,293072,350000,36,13/03/2018,28/02/2019
EA1,East of England,0,2.429,350001,400000,36,13/03/2018,28/02/2019
EA2,East of England,0,2.429,350001,400000,36,13/03/2018,28/02/2019
EA3,East of England,0,2.429,350001,400000,36,13/03/2018,28/02/2019
EA4,East of England,0,2.429,350001,400000,36,13/03/2018,28/02/2019
EM1,East Midlands,0,2.44,350001,400000,36,13/03/2018,28/02/2019
EM2,East Midlands,0,2.44,350001,400000,36,13/03/2018,28/02/2019
EM3,East Midlands,0,2.44,350001,400000,36,13/03/2018,28/02/2019
EM4,East Midlands,0,2.44,350001,400000,36,13/03/2018,28/02/2019
NE1,North of England,0,2.569,350001,400000,36,13/03/2018,28/02/2019
NE2,North of England,0,2.569,350001,400000,36,13/03/2018,28/02/2019
NE3,North of England,0,2.569,350001,400000,36,13/03/2018,28/02/2019
NO1,North of England,0,2.57,350001,400000,36,13/03/2018,28/02/2019
NO2,North of England,0,2.57,350001,400000,36,13/03/2018,28/02/2019
NT1,London,0,2.6,350001,400000,36,13/03/2018,28/02/2019
NT2,London,0,2.6,350001,400000,36,13/03/2018,28/02/2019
NT3,London,0,2.6,350001,400000,36,13/03/2018,28/02/2019
NW1,North West,0,2.58,350001,400000,36,13/03/2018,28/02/2019
NW2,North West,0,2.58,350001,400000,36,13/03/2018,28/02/2019
SC1,Scotland,0,2.597,350001,400000,36,13/03/2018,28/02/2019
SC2,Scotland,0,2.597,350001,400000,36,13/03/2018,28/02/2019
SC4,Scotland,0,2.597,350001,400000,36,13/03/2018,28/02/2019
SE1,South of England,0,2.552,350001,400000,36,13/03/2018,28/02/2019
SE2,South of England,0,2.552,350001,400000,36,13/03/2018,28/02/2019
SO1,South of England,0,2.579,350001,400000,36,13/03/2018,28/02/2019
SO2,South of England,0,2.579,350001,400000,36,13/03/2018,28/02/2019
SW1,South West,0,2.714,350001,400000,36,13/03/2018,28/02/2019
SW2,South West,0,2.714,350001,400000,36,13/03/2018,28/02/2019
SW3,South West,0,2.714,350001,400000,36,13/03/2018,28/02/2019
WM1,West Midlands,0,2.579,350001,400000,36,13/03/2018,28/02/2019
WM2,West Midlands,0,2.579,350001,400000,36,13/03/2018,28/02/2019
WM3,West Midlands,0,2.579,350001,400000,36,13/03/2018,28/02/2019
WA1,Wales North,0,2.648,350001,400000,36,13/03/2018,28/02/2019
WA2,Wales South,0,2.563,350001,400000,36,13/03/2018,28/02/2019
EA1,East of England,0,2.443,400001,450000,36,13/03/2018,28/02/2019
EA2,East of England,0,2.443,400001,450000,36,13/03/2018,28/02/2019
EA3,East of England,0,2.443,400001,450000,36,13/03/2018,28/02/2019
EA4,East of England,0,2.443,400001,450000,36,13/03/2018,28/02/2019
EM1,East Midlands,0,2.453,400001,450000,36,13/03/2018,28/02/2019
EM2,East Midlands,0,2.453,400001,450000,36,13/03/2018,28/02/2019
EM3,East Midlands,0,2.453,400001,450000,36,13/03/2018,28/02/2019
EM4,East Midlands,0,2.453,400001,450000,36,13/03/2018,28/02/2019
NE1,North of England,0,2.582,400001,450000,36,13/03/2018,28/02/2019
NE2,North of England,0,2.582,400001,450000,36,13/03/2018,28/02/2019
NE3,North of England,0,2.582,400001,450000,36,13/03/2018,28/02/2019
NO1,North of England,0,2.584,400001,450000,36,13/03/2018,28/02/2019
NO2,North of England,0,2.584,400001,450000,36,13/03/2018,28/02/2019
NT1,London,0,2.613,400001,450000,36,13/03/2018,28/02/2019
NT2,London,0,2.613,400001,450000,36,13/03/2018,28/02/2019
NT3,London,0,2.613,400001,450000,36,13/03/2018,28/02/2019
NW1,North West,0,2.594,400001,450000,36,13/03/2018,28/02/2019
NW2,North West,0,2.594,400001,450000,36,13/03/2018,28/02/2019
SC1,Scotland,0,2.61,400001,450000,36,13/03/2018,28/02/2019
SC2,Scotland,0,2.61,400001,450000,36,13/03/2018,28/02/2019
SC4,Scotland,0,2.61,400001,450000,36,13/03/2018,28/02/2019
SE1,South of England,0,2.565,400001,450000,36,13/03/2018,28/02/2019
SE2,South of England,0,2.565,400001,450000,36,13/03/2018,28/02/2019
SO1,South of England,0,2.593,400001,450000,36,13/03/2018,28/02/2019
SO2,South of England,0,2.593,400001,450000,36,13/03/2018,28/02/2019
SW1,South West,0,2.728,400001,450000,36,13/03/2018,28/02/2019
SW2,South West,0,2.728,400001,450000,36,13/03/2018,28/02/2019
SW3,South West,0,2.728,400001,450000,36,13/03/2018,28/02/2019
WM1,West Midlands,0,2.592,400001,450000,36,13/03/2018,28/02/2019
WM2,West Midlands,0,2.592,400001,450000,36,13/03/2018,28/02/2019
WM3,West Midlands,0,2.592,400001,450000,36,13/03/2018,28/02/2019
WA1,Wales North,0,2.662,400001,450000,36,13/03/2018,28/02/2019
WA2,Wales South,0,2.576,400001,450000,36,13/03/2018,28/02/2019
EA1,East of England,0,2.432,450001,500000,36,13/03/2018,28/02/2019
EA2,East of England,0,2.432,450001,500000,36,13/03/2018,28/02/2019
EA3,East of England,0,2.432,450001,500000,36,13/03/2018,28/02/2019
EA4,East of England,0,2.432,450001,500000,36,13/03/2018,28/02/2019
EM1,East Midlands,0,2.442,450001,500000,36,13/03/2018,28/02/2019
EM2,East Midlands,0,2.442,450001,500000,36,13/03/2018,28/02/2019
EM3,East Midlands,0,2.442,450001,500000,36,13/03/2018,28/02/2019
EM4,East Midlands,0,2.442,450001,500000,36,13/03/2018,28/02/2019
NE1,North of England,0,2.571,450001,500000,36,13/03/2018,28/02/2019
NE2,North of England,0,2.571,450001,500000,36,13/03/2018,28/02/2019
NE3,North of England,0,2.571,450001,500000,36,13/03/2018,28/02/2019
NO1,North of England,0,2.573,450001,500000,36,13/03/2018,28/02/2019
NO2,North of England,0,2.573,450001,500000,36,13/03/2018,28/02/2019
NT1,London,0,2.601,450001,500000,36,13/03/2018,28/02/2019
NT2,London,0,2.601,450001,500000,36,13/03/2018,28/02/2019
NT3,London,0,2.601,450001,500000,36,13/03/2018,28/02/2019
NW1,North West,0,2.584,450001,500000,36,13/03/2018,28/02/2019
NW2,North West,0,2.584,450001,500000,36,13/03/2018,28/02/2019
SC1,Scotland,0,2.599,450001,500000,36,13/03/2018,28/02/2019
SC2,Scotland,0,2.599,450001,500000,36,13/03/2018,28/02/2019
SC4,Scotland,0,2.599,450001,500000,36,13/03/2018,28/02/2019
SE1,South of England,0,2.554,450001,500000,36,13/03/2018,28/02/2019
SE2,South of England,0,2.554,450001,500000,36,13/03/2018,28/02/2019
SO1,South of England,0,2.582,450001,500000,36,13/03/2018,28/02/2019
SO2,South of England,0,2.582,450001,500000,36,13/03/2018,28/02/2019
SW1,South West,0,2.717,450001,500000,36,13/03/2018,28/02/2019
SW2,South West,0,2.717,450001,500000,36,13/03/2018,28/02/2019
SW3,South West,0,2.717,450001,500000,36,13/03/2018,28/02/2019
WM1,West Midlands,0,2.582,450001,500000,36,13/03/2018,28/02/2019
WM2,West Midlands,0,2.582,450001,500000,36,13/03/2018,28/02/2019
WM3,West Midlands,0,2.582,450001,500000,36,13/03/2018,28/02/2019
WA1,Wales North,0,2.651,450001,500000,36,13/03/2018,28/02/2019
WA2,Wales South,0,2.565,450001,500000,36,13/03/2018,28/02/2019
EA1,East of England,0,3.18,10001,35000,48,13/03/2018,28/02/2019
EA2,East of England,0,3.18,10001,35000,48,13/03/2018,28/02/2019
EA3,East of England,0,3.18,10001,35000,48,13/03/2018,28/02/2019
EA4,East of England,0,3.18,10001,35000,48,13/03/2018,28/02/2019
EM1,East Midlands,0,3.18,10001,35000,48,13/03/2018,28/02/2019
EM2,East Midlands,0,3.18,10001,35000,48,13/03/2018,28/02/2019
EM3,East Midlands,0,3.18,10001,35000,48,13/03/2018,28/02/2019
EM4,East Midlands,0,3.18,10001,35000,48,13/03/2018,28/02/2019
NE1,North of England,0,3.335,10001,35000,48,13/03/2018,28/02/2019
NE2,North of England,0,3.335,10001,35000,48,13/03/2018,28/02/2019
NE3,North of England,0,3.335,10001,35000,48,13/03/2018,28/02/2019
NO1,North of England,0,3.335,10001,35000,48,13/03/2018,28/02/2019
NO2,North of England,0,3.335,10001,35000,48,13/03/2018,28/02/2019
NT1,London,0,3.393,10001,35000,48,13/03/2018,28/02/2019
NT2,London,0,3.393,10001,35000,48,13/03/2018,28/02/2019
NT3,London,0,3.393,10001,35000,48,13/03/2018,28/02/2019
NW1,North West,0,3.316,10001,35000,48,13/03/2018,28/02/2019
NW2,North West,0,3.316,10001,35000,48,13/03/2018,28/02/2019
SC1,Scotland,0,3.353,10001,35000,48,13/03/2018,28/02/2019
SC2,Scotland,0,3.353,10001,35000,48,13/03/2018,28/02/2019
SC4,Scotland,0,3.353,10001,35000,48,13/03/2018,28/02/2019
SE1,South of England,0,3.301,10001,35000,48,13/03/2018,28/02/2019
SE2,South of England,0,3.301,10001,35000,48,13/03/2018,28/02/2019
SO1,South of England,0,3.32,10001,35000,48,13/03/2018,28/02/2019
SO2,South of England,0,3.32,10001,35000,48,13/03/2018,28/02/2019
SW1,South West,0,3.432,10001,35000,48,13/03/2018,28/02/2019
SW2,South West,0,3.432,10001,35000,48,13/03/2018,28/02/2019
SW3,South West,0,3.432,10001,35000,48,13/03/2018,28/02/2019
WM1,West Midlands,0,3.239,10001,35000,48,13/03/2018,28/02/2019
WM2,West Midlands,0,3.239,10001,35000,48,13/03/2018,28/02/2019
WM3,West Midlands,0,3.239,10001,35000,48,13/03/2018,28/02/2019
WA1,Wales North,0,3.374,10001,35000,48,13/03/2018,28/02/2019
WA2,Wales South,0,3.278,10001,35000,48,13/03/2018,28/02/2019
EA1,East of England,0,2.953,35001,73268,48,13/03/2018,28/02/2019
EA2,East of England,0,2.953,35001,73268,48,13/03/2018,28/02/2019
EA3,East of England,0,2.953,35001,73268,48,13/03/2018,28/02/2019
EA4,East of England,0,2.953,35001,73268,48,13/03/2018,28/02/2019
EM1,East Midlands,0,2.967,35001,73268,48,13/03/2018,28/02/2019
EM2,East Midlands,0,2.967,35001,73268,48,13/03/2018,28/02/2019
EM3,East Midlands,0,2.967,35001,73268,48,13/03/2018,28/02/2019
EM4,East Midlands,0,2.967,35001,73268,48,13/03/2018,28/02/2019
NE1,North of England,0,3.114,35001,73268,48,13/03/2018,28/02/2019
NE2,North of England,0,3.114,35001,73268,48,13/03/2018,28/02/2019
NE3,North of England,0,3.114,35001,73268,48,13/03/2018,28/02/2019
NO1,North of England,0,3.114,35001,73268,48,13/03/2018,28/02/2019
NO2,North of England,0,3.114,35001,73268,48,13/03/2018,28/02/2019
NT1,London,0,3.166,35001,73268,48,13/03/2018,28/02/2019
NT2,London,0,3.166,35001,73268,48,13/03/2018,28/02/2019
NT3,London,0,3.166,35001,73268,48,13/03/2018,28/02/2019
NW1,North West,0,3.086,35001,73268,48,13/03/2018,28/02/2019
NW2,North West,0,3.086,35001,73268,48,13/03/2018,28/02/2019
SC1,Scotland,0,3.143,35001,73268,48,13/03/2018,28/02/2019
SC2,Scotland,0,3.143,35001,73268,48,13/03/2018,28/02/2019
SC4,Scotland,0,3.143,35001,73268,48,13/03/2018,28/02/2019
SE1,South of England,0,3.076,35001,73268,48,13/03/2018,28/02/2019
SE2,South of England,0,3.076,35001,73268,48,13/03/2018,28/02/2019
SO1,South of England,0,3.105,35001,73268,48,13/03/2018,28/02/2019
SO2,South of England,0,3.105,35001,73268,48,13/03/2018,28/02/2019
SW1,South West,0,3.203,35001,73268,48,13/03/2018,28/02/2019
SW2,South West,0,3.203,35001,73268,48,13/03/2018,28/02/2019
SW3,South West,0,3.203,35001,73268,48,13/03/2018,28/02/2019
WM1,West Midlands,0,3.02,35001,73268,48,13/03/2018,28/02/2019
WM2,West Midlands,0,3.02,35001,73268,48,13/03/2018,28/02/2019
WM3,West Midlands,0,3.02,35001,73268,48,13/03/2018,28/02/2019
WA1,Wales North,0,3.145,35001,73268,48,13/03/2018,28/02/2019
WA2,Wales South,0,3.057,35001,73268,48,13/03/2018,28/02/2019
EA1,East of England,0,2.591,73269,110000,48,13/03/2018,28/02/2019
EA2,East of England,0,2.591,73269,110000,48,13/03/2018,28/02/2019
EA3,East of England,0,2.591,73269,110000,48,13/03/2018,28/02/2019
EA4,East of England,0,2.591,73269,110000,48,13/03/2018,28/02/2019
EM1,East Midlands,0,2.603,73269,110000,48,13/03/2018,28/02/2019
EM2,East Midlands,0,2.603,73269,110000,48,13/03/2018,28/02/2019
EM3,East Midlands,0,2.603,73269,110000,48,13/03/2018,28/02/2019
EM4,East Midlands,0,2.603,73269,110000,48,13/03/2018,28/02/2019
NE1,North of England,0,2.756,73269,110000,48,13/03/2018,28/02/2019
NE2,North of England,0,2.756,73269,110000,48,13/03/2018,28/02/2019
NE3,North of England,0,2.756,73269,110000,48,13/03/2018,28/02/2019
NO1,North of England,0,2.756,73269,110000,48,13/03/2018,28/02/2019
NO2,North of England,0,2.756,73269,110000,48,13/03/2018,28/02/2019
NT1,London,0,2.81,73269,110000,48,13/03/2018,28/02/2019
NT2,London,0,2.81,73269,110000,48,13/03/2018,28/02/2019
NT3,London,0,2.81,73269,110000,48,13/03/2018,28/02/2019
NW1,North West,0,2.74,73269,110000,48,13/03/2018,28/02/2019
NW2,North West,0,2.74,73269,110000,48,13/03/2018,28/02/2019
SC1,Scotland,0,2.776,73269,110000,48,13/03/2018,28/02/2019
SC2,Scotland,0,2.776,73269,110000,48,13/03/2018,28/02/2019
SC4,Scotland,0,2.776,73269,110000,48,13/03/2018,28/02/2019
SE1,South of England,0,2.72,73269,110000,48,13/03/2018,28/02/2019
SE2,South of England,0,2.72,73269,110000,48,13/03/2018,28/02/2019
SO1,South of England,0,2.749,73269,110000,48,13/03/2018,28/02/2019
SO2,South of England,0,2.749,73269,110000,48,13/03/2018,28/02/2019
SW1,South West,0,2.879,73269,110000,48,13/03/2018,28/02/2019
SW2,South West,0,2.879,73269,110000,48,13/03/2018,28/02/2019
SW3,South West,0,2.879,73269,110000,48,13/03/2018,28/02/2019
WM1,West Midlands,0,2.742,73269,110000,48,13/03/2018,28/02/2019
WM2,West Midlands,0,2.742,73269,110000,48,13/03/2018,28/02/2019
WM3,West Midlands,0,2.742,73269,110000,48,13/03/2018,28/02/2019
WA1,Wales North,0,2.814,73269,110000,48,13/03/2018,28/02/2019
WA2,Wales South,0,2.729,73269,110000,48,13/03/2018,28/02/2019
EA1,East of England,0,2.534,110001,145000,48,13/03/2018,28/02/2019
EA2,East of England,0,2.534,110001,145000,48,13/03/2018,28/02/2019
EA3,East of England,0,2.534,110001,145000,48,13/03/2018,28/02/2019
EA4,East of England,0,2.534,110001,145000,48,13/03/2018,28/02/2019
EM1,East Midlands,0,2.542,110001,145000,48,13/03/2018,28/02/2019
EM2,East Midlands,0,2.542,110001,145000,48,13/03/2018,28/02/2019
EM3,East Midlands,0,2.542,110001,145000,48,13/03/2018,28/02/2019
EM4,East Midlands,0,2.542,110001,145000,48,13/03/2018,28/02/2019
NE1,North of England,0,2.688,110001,145000,48,13/03/2018,28/02/2019
NE2,North of England,0,2.688,110001,145000,48,13/03/2018,28/02/2019
NE3,North of England,0,2.688,110001,145000,48,13/03/2018,28/02/2019
NO1,North of England,0,2.691,110001,145000,48,13/03/2018,28/02/2019
NO2,North of England,0,2.691,110001,145000,48,13/03/2018,28/02/2019
NT1,London,0,2.736,110001,145000,48,13/03/2018,28/02/2019
NT2,London,0,2.736,110001,145000,48,13/03/2018,28/02/2019
NT3,London,0,2.736,110001,145000,48,13/03/2018,28/02/2019
NW1,North West,0,2.683,110001,145000,48,13/03/2018,28/02/2019
NW2,North West,0,2.683,110001,145000,48,13/03/2018,28/02/2019
SC1,Scotland,0,2.709,110001,145000,48,13/03/2018,28/02/2019
SC2,Scotland,0,2.709,110001,145000,48,13/03/2018,28/02/2019
SC4,Scotland,0,2.709,110001,145000,48,13/03/2018,28/02/2019
SE1,South of England,0,2.657,110001,145000,48,13/03/2018,28/02/2019
SE2,South of England,0,2.657,110001,145000,48,13/03/2018,28/02/2019
SO1,South of England,0,2.687,110001,145000,48,13/03/2018,28/02/2019
SO2,South of England,0,2.687,110001,145000,48,13/03/2018,28/02/2019
SW1,South West,0,2.815,110001,145000,48,13/03/2018,28/02/2019
SW2,South West,0,2.815,110001,145000,48,13/03/2018,28/02/2019
SW3,South West,0,2.815,110001,145000,48,13/03/2018,28/02/2019
WM1,West Midlands,0,2.685,110001,145000,48,13/03/2018,28/02/2019
WM2,West Midlands,0,2.685,110001,145000,48,13/03/2018,28/02/2019
WM3,West Midlands,0,2.685,110001,145000,48,13/03/2018,28/02/2019
WA1,Wales North,0,2.751,110001,145000,48,13/03/2018,28/02/2019
WA2,Wales South,0,2.666,110001,145000,48,13/03/2018,28/02/2019
EA1,East of England,0,2.501,145001,220000,48,13/03/2018,28/02/2019
EA2,East of England,0,2.501,145001,220000,48,13/03/2018,28/02/2019
EA3,East of England,0,2.501,145001,220000,48,13/03/2018,28/02/2019
EA4,East of England,0,2.501,145001,220000,48,13/03/2018,28/02/2019
EM1,East Midlands,0,2.512,145001,220000,48,13/03/2018,28/02/2019
EM2,East Midlands,0,2.512,145001,220000,48,13/03/2018,28/02/2019
EM3,East Midlands,0,2.512,145001,220000,48,13/03/2018,28/02/2019
EM4,East Midlands,0,2.512,145001,220000,48,13/03/2018,28/02/2019
NE1,North of England,0,2.653,145001,220000,48,13/03/2018,28/02/2019
NE2,North of England,0,2.653,145001,220000,48,13/03/2018,28/02/2019
NE3,North of England,0,2.653,145001,220000,48,13/03/2018,28/02/2019
NO1,North of England,0,2.655,145001,220000,48,13/03/2018,28/02/2019
NO2,North of England,0,2.655,145001,220000,48,13/03/2018,28/02/2019
NT1,London,0,2.696,145001,220000,48,13/03/2018,28/02/2019
NT2,London,0,2.696,145001,220000,48,13/03/2018,28/02/2019
NT3,London,0,2.696,145001,220000,48,13/03/2018,28/02/2019
NW1,North West,0,2.653,145001,220000,48,13/03/2018,28/02/2019
NW2,North West,0,2.653,145001,220000,48,13/03/2018,28/02/2019
SC1,Scotland,0,2.675,145001,220000,48,13/03/2018,28/02/2019
SC2,Scotland,0,2.675,145001,220000,48,13/03/2018,28/02/2019
SC4,Scotland,0,2.675,145001,220000,48,13/03/2018,28/02/2019
SE1,South of England,0,2.623,145001,220000,48,13/03/2018,28/02/2019
SE2,South of England,0,2.623,145001,220000,48,13/03/2018,28/02/2019
SO1,South of England,0,2.651,145001,220000,48,13/03/2018,28/02/2019
SO2,South of England,0,2.651,145001,220000,48,13/03/2018,28/02/2019
SW1,South West,0,2.779,145001,220000,48,13/03/2018,28/02/2019
SW2,South West,0,2.779,145001,220000,48,13/03/2018,28/02/2019
SW3,South West,0,2.779,145001,220000,48,13/03/2018,28/02/2019
WM1,West Midlands,0,2.652,145001,220000,48,13/03/2018,28/02/2019
WM2,West Midlands,0,2.652,145001,220000,48,13/03/2018,28/02/2019
WM3,West Midlands,0,2.652,145001,220000,48,13/03/2018,28/02/2019
WA1,Wales North,0,2.714,145001,220000,48,13/03/2018,28/02/2019
WA2,Wales South,0,2.631,145001,220000,48,13/03/2018,28/02/2019
EA1,East of England,0,2.496,220001,293071,48,13/03/2018,28/02/2019
EA2,East of England,0,2.496,220001,293071,48,13/03/2018,28/02/2019
EA3,East of England,0,2.496,220001,293071,48,13/03/2018,28/02/2019
EA4,East of England,0,2.496,220001,293071,48,13/03/2018,28/02/2019
EM1,East Midlands,0,2.506,220001,293071,48,13/03/2018,28/02/2019
EM2,East Midlands,0,2.506,220001,293071,48,13/03/2018,28/02/2019
EM3,East Midlands,0,2.506,220001,293071,48,13/03/2018,28/02/2019
EM4,East Midlands,0,2.506,220001,293071,48,13/03/2018,28/02/2019
NE1,North of England,0,2.646,220001,293071,48,13/03/2018,28/02/2019
NE2,North of England,0,2.646,220001,293071,48,13/03/2018,28/02/2019
NE3,North of England,0,2.646,220001,293071,48,13/03/2018,28/02/2019
NO1,North of England,0,2.648,220001,293071,48,13/03/2018,28/02/2019
NO2,North of England,0,2.648,220001,293071,48,13/03/2018,28/02/2019
NT1,London,0,2.688,220001,293071,48,13/03/2018,28/02/2019
NT2,London,0,2.688,220001,293071,48,13/03/2018,28/02/2019
NT3,London,0,2.688,220001,293071,48,13/03/2018,28/02/2019
NW1,North West,0,2.652,220001,293071,48,13/03/2018,28/02/2019
NW2,North West,0,2.652,220001,293071,48,13/03/2018,28/02/2019
SC1,Scotland,0,2.671,220001,293071,48,13/03/2018,28/02/2019
SC2,Scotland,0,2.671,220001,293071,48,13/03/2018,28/02/2019
SC4,Scotland,0,2.671,220001,293071,48,13/03/2018,28/02/2019
SE1,South of England,0,2.618,220001,293071,48,13/03/2018,28/02/2019
SE2,South of England,0,2.618,220001,293071,48,13/03/2018,28/02/2019
SO1,South of England,0,2.647,220001,293071,48,13/03/2018,28/02/2019
SO2,South of England,0,2.647,220001,293071,48,13/03/2018,28/02/2019
SW1,South West,0,2.78,220001,293071,48,13/03/2018,28/02/2019
SW2,South West,0,2.78,220001,293071,48,13/03/2018,28/02/2019
SW3,South West,0,2.78,220001,293071,48,13/03/2018,28/02/2019
WM1,West Midlands,0,2.65,220001,293071,48,13/03/2018,28/02/2019
WM2,West Midlands,0,2.65,220001,293071,48,13/03/2018,28/02/2019
WM3,West Midlands,0,2.65,220001,293071,48,13/03/2018,28/02/2019
WA1,Wales North,0,2.713,220001,293071,48,13/03/2018,28/02/2019
WA2,Wales South,0,2.628,220001,293071,48,13/03/2018,28/02/2019
EA1,East of England,0,2.489,293072,350000,48,13/03/2018,28/02/2019
EA2,East of England,0,2.489,293072,350000,48,13/03/2018,28/02/2019
EA3,East of England,0,2.489,293072,350000,48,13/03/2018,28/02/2019
EA4,East of England,0,2.489,293072,350000,48,13/03/2018,28/02/2019
EM1,East Midlands,0,2.499,293072,350000,48,13/03/2018,28/02/2019
EM2,East Midlands,0,2.499,293072,350000,48,13/03/2018,28/02/2019
EM3,East Midlands,0,2.499,293072,350000,48,13/03/2018,28/02/2019
EM4,East Midlands,0,2.499,293072,350000,48,13/03/2018,28/02/2019
NE1,North of England,0,2.639,293072,350000,48,13/03/2018,28/02/2019
NE2,North of England,0,2.639,293072,350000,48,13/03/2018,28/02/2019
NE3,North of England,0,2.639,293072,350000,48,13/03/2018,28/02/2019
NO1,North of England,0,2.64,293072,350000,48,13/03/2018,28/02/2019
NO2,North of England,0,2.64,293072,350000,48,13/03/2018,28/02/2019
NT1,London,0,2.679,293072,350000,48,13/03/2018,28/02/2019
NT2,London,0,2.679,293072,350000,48,13/03/2018,28/02/2019
NT3,London,0,2.679,293072,350000,48,13/03/2018,28/02/2019
NW1,North West,0,2.647,293072,350000,48,13/03/2018,28/02/2019
NW2,North West,0,2.647,293072,350000,48,13/03/2018,28/02/2019
SC1,Scotland,0,2.663,293072,350000,48,13/03/2018,28/02/2019
SC2,Scotland,0,2.663,293072,350000,48,13/03/2018,28/02/2019
SC4,Scotland,0,2.663,293072,350000,48,13/03/2018,28/02/2019
SE1,South of England,0,2.612,293072,350000,48,13/03/2018,28/02/2019
SE2,South of England,0,2.612,293072,350000,48,13/03/2018,28/02/2019
SO1,South of England,0,2.64,293072,350000,48,13/03/2018,28/02/2019
SO2,South of England,0,2.64,293072,350000,48,13/03/2018,28/02/2019
SW1,South West,0,2.772,293072,350000,48,13/03/2018,28/02/2019
SW2,South West,0,2.772,293072,350000,48,13/03/2018,28/02/2019
SW3,South West,0,2.772,293072,350000,48,13/03/2018,28/02/2019
WM1,West Midlands,0,2.645,293072,350000,48,13/03/2018,28/02/2019
WM2,West Midlands,0,2.645,293072,350000,48,13/03/2018,28/02/2019
WM3,West Midlands,0,2.645,293072,350000,48,13/03/2018,28/02/2019
WA1,Wales North,0,2.706,293072,350000,48,13/03/2018,28/02/2019
WA2,Wales South,0,2.621,293072,350000,48,13/03/2018,28/02/2019
EA1,East of England,0,2.484,350001,400000,48,13/03/2018,28/02/2019
EA2,East of England,0,2.484,350001,400000,48,13/03/2018,28/02/2019
EA3,East of England,0,2.484,350001,400000,48,13/03/2018,28/02/2019
EA4,East of England,0,2.484,350001,400000,48,13/03/2018,28/02/2019
EM1,East Midlands,0,2.495,350001,400000,48,13/03/2018,28/02/2019
EM2,East Midlands,0,2.495,350001,400000,48,13/03/2018,28/02/2019
EM3,East Midlands,0,2.495,350001,400000,48,13/03/2018,28/02/2019
EM4,East Midlands,0,2.495,350001,400000,48,13/03/2018,28/02/2019
NE1,North of England,0,2.633,350001,400000,48,13/03/2018,28/02/2019
NE2,North of England,0,2.633,350001,400000,48,13/03/2018,28/02/2019
NE3,North of England,0,2.633,350001,400000,48,13/03/2018,28/02/2019
NO1,North of England,0,2.634,350001,400000,48,13/03/2018,28/02/2019
NO2,North of England,0,2.634,350001,400000,48,13/03/2018,28/02/2019
NT1,London,0,2.672,350001,400000,48,13/03/2018,28/02/2019
NT2,London,0,2.672,350001,400000,48,13/03/2018,28/02/2019
NT3,London,0,2.672,350001,400000,48,13/03/2018,28/02/2019
NW1,North West,0,2.643,350001,400000,48,13/03/2018,28/02/2019
NW2,North West,0,2.643,350001,400000,48,13/03/2018,28/02/2019
SC1,Scotland,0,2.657,350001,400000,48,13/03/2018,28/02/2019
SC2,Scotland,0,2.657,350001,400000,48,13/03/2018,28/02/2019
SC4,Scotland,0,2.657,350001,400000,48,13/03/2018,28/02/2019
SE1,South of England,0,2.606,350001,400000,48,13/03/2018,28/02/2019
SE2,South of England,0,2.606,350001,400000,48,13/03/2018,28/02/2019
SO1,South of England,0,2.634,350001,400000,48,13/03/2018,28/02/2019
SO2,South of England,0,2.634,350001,400000,48,13/03/2018,28/02/2019
SW1,South West,0,2.766,350001,400000,48,13/03/2018,28/02/2019
SW2,South West,0,2.766,350001,400000,48,13/03/2018,28/02/2019
SW3,South West,0,2.766,350001,400000,48,13/03/2018,28/02/2019
WM1,West Midlands,0,2.639,350001,400000,48,13/03/2018,28/02/2019
WM2,West Midlands,0,2.639,350001,400000,48,13/03/2018,28/02/2019
WM3,West Midlands,0,2.639,350001,400000,48,13/03/2018,28/02/2019
WA1,Wales North,0,2.7,350001,400000,48,13/03/2018,28/02/2019
WA2,Wales South,0,2.615,350001,400000,48,13/03/2018,28/02/2019
EA1,East of England,0,2.498,400001,450000,48,13/03/2018,28/02/2019
EA2,East of England,0,2.498,400001,450000,48,13/03/2018,28/02/2019
EA3,East of England,0,2.498,400001,450000,48,13/03/2018,28/02/2019
EA4,East of England,0,2.498,400001,450000,48,13/03/2018,28/02/2019
EM1,East Midlands,0,2.508,400001,450000,48,13/03/2018,28/02/2019
EM2,East Midlands,0,2.508,400001,450000,48,13/03/2018,28/02/2019
EM3,East Midlands,0,2.508,400001,450000,48,13/03/2018,28/02/2019
EM4,East Midlands,0,2.508,400001,450000,48,13/03/2018,28/02/2019
NE1,North of England,0,2.646,400001,450000,48,13/03/2018,28/02/2019
NE2,North of England,0,2.646,400001,450000,48,13/03/2018,28/02/2019
NE3,North of England,0,2.646,400001,450000,48,13/03/2018,28/02/2019
NO1,North of England,0,2.648,400001,450000,48,13/03/2018,28/02/2019
NO2,North of England,0,2.648,400001,450000,48,13/03/2018,28/02/2019
NT1,London,0,2.684,400001,450000,48,13/03/2018,28/02/2019
NT2,London,0,2.684,400001,450000,48,13/03/2018,28/02/2019
NT3,London,0,2.684,400001,450000,48,13/03/2018,28/02/2019
NW1,North West,0,2.656,400001,450000,48,13/03/2018,28/02/2019
NW2,North West,0,2.656,400001,450000,48,13/03/2018,28/02/2019
SC1,Scotland,0,2.671,400001,450000,48,13/03/2018,28/02/2019
SC2,Scotland,0,2.671,400001,450000,48,13/03/2018,28/02/2019
SC4,Scotland,0,2.671,400001,450000,48,13/03/2018,28/02/2019
SE1,South of England,0,2.619,400001,450000,48,13/03/2018,28/02/2019
SE2,South of England,0,2.619,400001,450000,48,13/03/2018,28/02/2019
SO1,South of England,0,2.648,400001,450000,48,13/03/2018,28/02/2019
SO2,South of England,0,2.648,400001,450000,48,13/03/2018,28/02/2019
SW1,South West,0,2.78,400001,450000,48,13/03/2018,28/02/2019
SW2,South West,0,2.78,400001,450000,48,13/03/2018,28/02/2019
SW3,South West,0,2.78,400001,450000,48,13/03/2018,28/02/2019
WM1,West Midlands,0,2.653,400001,450000,48,13/03/2018,28/02/2019
WM2,West Midlands,0,2.653,400001,450000,48,13/03/2018,28/02/2019
WM3,West Midlands,0,2.653,400001,450000,48,13/03/2018,28/02/2019
WA1,Wales North,0,2.714,400001,450000,48,13/03/2018,28/02/2019
WA2,Wales South,0,2.629,400001,450000,48,13/03/2018,28/02/2019
EA1,East of England,0,2.487,450001,500000,48,13/03/2018,28/02/2019
EA2,East of England,0,2.487,450001,500000,48,13/03/2018,28/02/2019
EA3,East of England,0,2.487,450001,500000,48,13/03/2018,28/02/2019
EA4,East of England,0,2.487,450001,500000,48,13/03/2018,28/02/2019
EM1,East Midlands,0,2.498,450001,500000,48,13/03/2018,28/02/2019
EM2,East Midlands,0,2.498,450001,500000,48,13/03/2018,28/02/2019
EM3,East Midlands,0,2.498,450001,500000,48,13/03/2018,28/02/2019
EM4,East Midlands,0,2.498,450001,500000,48,13/03/2018,28/02/2019
NE1,North of England,0,2.634,450001,500000,48,13/03/2018,28/02/2019
NE2,North of England,0,2.634,450001,500000,48,13/03/2018,28/02/2019
NE3,North of England,0,2.634,450001,500000,48,13/03/2018,28/02/2019
NO1,North of England,0,2.636,450001,500000,48,13/03/2018,28/02/2019
NO2,North of England,0,2.636,450001,500000,48,13/03/2018,28/02/2019
NT1,London,0,2.673,450001,500000,48,13/03/2018,28/02/2019
NT2,London,0,2.673,450001,500000,48,13/03/2018,28/02/2019
NT3,London,0,2.673,450001,500000,48,13/03/2018,28/02/2019
NW1,North West,0,2.646,450001,500000,48,13/03/2018,28/02/2019
NW2,North West,0,2.646,450001,500000,48,13/03/2018,28/02/2019
SC1,Scotland,0,2.66,450001,500000,48,13/03/2018,28/02/2019
SC2,Scotland,0,2.66,450001,500000,48,13/03/2018,28/02/2019
SC4,Scotland,0,2.66,450001,500000,48,13/03/2018,28/02/2019
SE1,South of England,0,2.608,450001,500000,48,13/03/2018,28/02/2019
SE2,South of England,0,2.608,450001,500000,48,13/03/2018,28/02/2019
SO1,South of England,0,2.637,450001,500000,48,13/03/2018,28/02/2019
SO2,South of England,0,2.637,450001,500000,48,13/03/2018,28/02/2019
SW1,South West,0,2.769,450001,500000,48,13/03/2018,28/02/2019
SW2,South West,0,2.769,450001,500000,48,13/03/2018,28/02/2019
SW3,South West,0,2.769,450001,500000,48,13/03/2018,28/02/2019
WM1,West Midlands,0,2.642,450001,500000,48,13/03/2018,28/02/2019
WM2,West Midlands,0,2.642,450001,500000,48,13/03/2018,28/02/2019
WM3,West Midlands,0,2.642,450001,500000,48,13/03/2018,28/02/2019
WA1,Wales North,0,2.703,450001,500000,48,13/03/2018,28/02/2019
WA2,Wales South,0,2.617,450001,500000,48,13/03/2018,28/02/2019

