Product Name,MTC,Region,Profiles,Contract Length,Valid From,Valid To,Fixed Charge p / day,Units (p/kWh),Day Units (p/kWh),Night Units (p/kWh),Eve/We Units (p/kWh),Weekday Units (p/kWh),Winter Eve Units (p/kWh)
EELC  P4 2R (Split Rate) 12 months,142 143 146 147 148 149,10,4,12,07/10/2019,06/10/2020,20.71,,14.72,9.72,,,
EELC  P4 2R (Split Rate) 24 months,142 143 146 147 148 149,10,4,24,07/10/2019,06/10/2021,21.05,,15.06,9.82,,,
EELC  P4 2R (Split Rate) 36 months,142 143 146 147 148 149,10,4,36,07/10/2019,06/10/2022,21.41,,15.17,9.93,,,
EELC  P4 2R (Split Rate) 48 months,142 143 146 147 148 149,10,4,48,07/10/2019,06/10/2023,21.77,,15.45,10.07,,,
EELC  P4 2R (Split Rate) 60 months,142 143 146 147 148 149,10,4,60,07/10/2019,06/10/2024,22.14,,15.81,10.27,,,
EELC P3 1R 12 months,279 500 501 717 801 802 873,10,3,12,07/10/2019,06/10/2020,20.71,13.68,,,,,
EELC P3 1R 24 months,279 500 501 717 801 802 873,10,3,24,07/10/2019,06/10/2021,21.05,13.95,,,,,
EELC P3 1R 36 months,279 500 501 717 801 802 873,10,3,36,07/10/2019,06/10/2022,21.41,14.06,,,,,
EELC P3 1R 48 months,279 500 501 717 801 802 873,10,3,48,07/10/2019,06/10/2023,21.77,14.31,,,,,
EELC P3 1R 60 months,279 500 501 717 801 802 873,10,3,60,07/10/2019,06/10/2024,22.14,14.63,,,,,
EELC P3 2R (Day/Night) 12 months,205 656 657 660 661 807 808 809 811 812,10,3,12,07/10/2019,06/10/2020,20.71,,14.22,11.02,,,
EELC P3 2R (Day/Night) 24 months,205 656 657 660 661 807 808 809 811 812,10,3,24,07/10/2019,06/10/2021,21.05,,14.53,11.13,,,
EELC P3 2R (Day/Night) 36 months,205 656 657 660 661 807 808 809 811 812,10,3,36,07/10/2019,06/10/2022,21.41,,14.64,11.27,,,
EELC P3 2R (Day/Night) 48 months,205 656 657 660 661 807 808 809 811 812,10,3,48,07/10/2019,06/10/2023,21.77,,14.9,11.44,,,
EELC P3 2R (Day/Night) 60 months,205 656 657 660 661 807 808 809 811 812,10,3,60,07/10/2019,06/10/2024,22.14,,15.24,11.67,,,
EELC P3 2R (Eve/We) 12 months,136 137 180 181 636 637 680 681,10,3,12,07/10/2019,06/10/2020,20.71,,,,12.35,14.7,
EELC P3 2R (Eve/We) 24 months,136 137 180 181 636 637 680 681,10,3,24,07/10/2019,06/10/2021,21.05,,,,12.46,15.1,
EELC P3 2R (Eve/We) 36 months,136 137 180 181 636 637 680 681,10,3,36,07/10/2019,06/10/2022,21.41,,,,12.59,15.2,
EELC P3 2R (Eve/We) 48 months,136 137 180 181 636 637 680 681,10,3,48,07/10/2019,06/10/2023,21.77,,,,12.77,15.51,
EELC P3 2R (Eve/We) 60 months,136 137 180 181 636 637 680 681,10,3,60,07/10/2019,06/10/2024,22.14,,,,13.02,15.89,
EELC P4 1R (RESTD HRS NIGHT) 12 months,128 129 132 133 134 135 184 185 628 629 632 633 634 635 662 663 664 665 684 685 818 819 822 823,10,4,12,07/10/2019,06/10/2020,15.84,,,10.01,,,
EELC P4 1R (RESTD HRS NIGHT) 24 months,128 129 132 133 134 135 184 185 628 629 632 633 634 635 662 663 664 665 684 685 818 819 822 823,10,4,24,07/10/2019,06/10/2021,16.14,,,10.1,,,
EELC P4 1R (RESTD HRS NIGHT) 36 months,128 129 132 133 134 135 184 185 628 629 632 633 634 635 662 663 664 665 684 685 818 819 822 823,10,4,36,07/10/2019,06/10/2022,16.43,,,10.21,,,
EELC P4 1R (RESTD HRS NIGHT) 48 months,128 129 132 133 134 135 184 185 628 629 632 633 634 635 662 663 664 665 684 685 818 819 822 823,10,4,48,07/10/2019,06/10/2023,16.73,,,10.36,,,
EELC P4 1R (RESTD HRS NIGHT) 60 months,128 129 132 133 134 135 184 185 628 629 632 633 634 635 662 663 664 665 684 685 818 819 822 823,10,4,60,07/10/2019,06/10/2024,17.02,,,10.58,,,
EELC P4 1R (RESTRICTED HOURS) 12 months,108 109 110 111 112 114 115 118 119 186 187 188 189 608 609 610 611 612 613 614 615 618 619 686 687 688 689,10,4,12,07/10/2019,06/10/2020,15.84,10.21,,,,,
EELC P4 1R (RESTRICTED HOURS) 24 months,108 109 110 111 112 114 115 118 119 186 187 188 189 608 609 610 611 612 613 614 615 618 619 686 687 688 689,10,4,24,07/10/2019,06/10/2021,16.14,10.34,,,,,
EELC P4 1R (RESTRICTED HOURS) 36 months,108 109 110 111 112 114 115 118 119 186 187 188 189 608 609 610 611 612 613 614 615 618 619 686 687 688 689,10,4,36,07/10/2019,06/10/2022,16.43,10.48,,,,,
EELC P4 1R (RESTRICTED HOURS) 48 months,108 109 110 111 112 114 115 118 119 186 187 188 189 608 609 610 611 612 613 614 615 618 619 686 687 688 689,10,4,48,07/10/2019,06/10/2023,16.73,10.64,,,,,
EELC P4 1R (RESTRICTED HOURS) 60 months,108 109 110 111 112 114 115 118 119 186 187 188 189 608 609 610 611 612 613 614 615 618 619 686 687 688 689,10,4,60,07/10/2019,06/10/2024,17.02,10.86,,,,,
EELC P4 2R ( 10h night) 12 months,130 131 190 191 630 631 690 691,10,4,12,07/10/2019,06/10/2020,20.71,,15.1,9.98,,,
EELC P4 2R ( 10h night) 24 months,130 131 190 191 630 631 690 691,10,4,24,07/10/2019,06/10/2021,21.05,,15.47,10.04,,,
EELC P4 2R ( 10h night) 36 months,130 131 190 191 630 631 690 691,10,4,36,07/10/2019,06/10/2022,21.41,,15.57,10.14,,,
EELC P4 2R ( 10h night) 48 months,130 131 190 191 630 631 690 691,10,4,48,07/10/2019,06/10/2023,21.77,,15.87,10.28,,,
EELC P4 2R ( 10h night) 60 months,130 131 190 191 630 631 690 691,10,4,60,07/10/2019,06/10/2024,22.14,,16.24,10.49,,,
EELC P4 2R (12H NIGHT) 12 months,100 101 192 193 600 601 692 693,10,4,12,07/10/2019,06/10/2020,20.71,,15.24,10.63,,,
EELC P4 2R (12H NIGHT) 24 months,100 101 192 193 600 601 692 693,10,4,24,07/10/2019,06/10/2021,21.05,,15.65,10.69,,,
EELC P4 2R (12H NIGHT) 36 months,100 101 192 193 600 601 692 693,10,4,36,07/10/2019,06/10/2022,21.41,,15.75,10.78,,,
EELC P4 2R (12H NIGHT) 48 months,100 101 192 193 600 601 692 693,10,4,48,07/10/2019,06/10/2023,21.77,,16.06,10.91,,,
EELC P4 2R (12H NIGHT) 60 months,100 101 192 193 600 601 692 693,10,4,60,07/10/2019,06/10/2024,22.14,,16.45,11.13,,,
EELC P4 2R 12 months,809 124 125 126 127 166 167 176 177 178 179 182 183 194 195 201 601 624 625 626 627 648 656 657 658 659 660 661 666 667 676 677 678 679 682 683 694 695 807 810 812 874 811 808,10,4,12,07/10/2019,06/10/2020,20.71,,14.74,9.65,,,
EELC P4 2R 24 months,811 808 809 124 125 126 127 166 167 176 177 178 179 182 183 194 195 201 601 624 625 626 627 648 656 657 658 659 660 661 666 667 676 677 678 679 682 683 694 695 807 810 812 874,10,4,24,07/10/2019,06/10/2021,21.05,,15.08,9.72,,,
EELC P4 2R 36 months,808 811 809 124 125 126 127 166 167 176 177 178 179 182 183 194 195 201 601 624 625 626 627 648 656 657 658 659 660 661 666 667 676 677 678 679 682 683 694 695 807 810 812 874,10,4,36,07/10/2019,06/10/2022,21.41,,15.19,9.83,,,
EELC P4 2R 48 months,809 811 808 124 125 126 127 166 167 176 177 178 179 182 183 194 195 201 601 624 625 626 627 648 656 657 658 659 660 661 666 667 676 677 678 679 682 683 694 695 807 810 812 874,10,4,48,07/10/2019,06/10/2023,21.77,,15.47,9.97,,,
EELC P4 2R 60 months,811 808 809 124 125 126 127 166 167 176 177 178 179 182 183 194 195 201 601 624 625 626 627 648 656 657 658 659 660 661 666 667 676 677 678 679 682 683 694 695 807 810 812 874,10,4,60,07/10/2019,06/10/2024,22.14,,15.82,10.2,,,
EELC P4 3R (Eve/We & Night) 12 months,138 140 141 638 639 640 641 139,10,4,12,07/10/2019,06/10/2020,20.71,,,9.55,13.54,15.51,
EELC P4 3R (Eve/We & Night) 24 months,138 140 141 638 639 640 641 139,10,4,24,07/10/2019,06/10/2021,21.05,,,9.62,13.68,15.98,
EELC P4 3R (Eve/We & Night) 36 months,139 138 140 141 638 639 640 641,10,4,36,07/10/2019,06/10/2022,21.41,,,9.72,13.82,16.07,
EELC P4 3R (Eve/We & Night) 48 months,138 140 141 638 639 640 641 139,10,4,48,07/10/2019,06/10/2023,21.77,,,9.87,14.01,16.41,
EELC P4 3R (Eve/We & Night) 60 months,138 140 141 638 639 640 641 139,10,4,60,07/10/2019,06/10/2024,22.14,,,10.08,14.28,16.82,
EMEB P3 1R 12 months,015 022 156 500 501 532 541 659 661 801 802 873,11,3,12,07/10/2019,06/10/2020,33.32,13.77,,,,,
EMEB P3 1R 24 months,015 022 156 500 501 532 541 659 661 801 802 873,11,3,24,07/10/2019,06/10/2021,33.99,13.98,,,,,
EMEB P3 1R 36 months,015 022 156 500 501 532 541 659 661 801 802 873,11,3,36,07/10/2019,06/10/2022,34.59,14.05,,,,,
EMEB P3 1R 48 months,015 022 156 500 501 532 541 659 661 801 802 873,11,3,48,07/10/2019,06/10/2023,35.18,14.29,,,,,
EMEB P3 1R 60 months,015 022 156 500 501 532 541 659 661 801 802 873,11,3,60,07/10/2019,06/10/2024,35.78,14.64,,,,,
EMEB P3 2R (Day/Night) 12 months,033 034 100 103 522 534 536 556 557 811 812 816 817 830 831 874,11,3,12,07/10/2019,06/10/2020,33.32,,14.26,11.42,,,
EMEB P3 2R (Day/Night) 24 months,033 034 100 103 522 534 536 556 557 811 812 816 817 830 831 874,11,3,24,07/10/2019,06/10/2021,33.99,,14.51,11.49,,,
EMEB P3 2R (Day/Night) 36 months,033 034 100 103 522 534 536 556 557 811 812 816 817 830 831 874,11,3,36,07/10/2019,06/10/2022,34.59,,14.57,11.59,,,
EMEB P3 2R (Day/Night) 48 months,033 034 100 103 522 534 536 556 557 811 812 816 817 830 831 874,11,3,48,07/10/2019,06/10/2023,35.18,,14.83,11.76,,,
EMEB P3 2R (Day/Night) 60 months,033 034 100 103 522 534 536 556 557 811 812 816 817 830 831 874,11,3,60,07/10/2019,06/10/2024,35.78,,15.2,12.02,,,
EMEB P3 2R (Eve/We) 12 months,029 030 529 538 558 559 826 827,11,3,12,07/10/2019,06/10/2020,33.32,,14.73,,12.52,,
EMEB P3 2R (Eve/We) 24 months,029 030 529 538 558 559 826 827,11,3,24,07/10/2019,06/10/2021,33.99,,15.06,,12.58,,
EMEB P3 2R (Eve/We) 36 months,029 030 529 538 558 559 826 827,11,3,36,07/10/2019,06/10/2022,34.59,,15.11,,12.68,,
EMEB P3 2R (Eve/We) 48 months,029 030 529 538 558 559 826 827,11,3,48,07/10/2019,06/10/2023,35.18,,15.41,,12.85,,
EMEB P3 2R (Eve/We) 60 months,029 030 529 538 558 559 826 827,11,3,60,07/10/2019,06/10/2024,35.78,,15.81,,13.13,,
EMEB P4 1R (RESTD HRS NIGHT) 12 months,516 526 527 528,11,4,12,07/10/2019,06/10/2020,26.86,10.76,,,,,
EMEB P4 1R (RESTD HRS NIGHT) 24 months,516 526 527 528,11,4,24,07/10/2019,06/10/2021,27.36,10.88,,,,,
EMEB P4 1R (RESTD HRS NIGHT) 36 months,516 526 527 528,11,4,36,07/10/2019,06/10/2022,27.86,11,,,,,
EMEB P4 1R (RESTD HRS NIGHT) 48 months,516 526 527 528,11,4,48,07/10/2019,06/10/2023,28.36,11.18,,,,,
EMEB P4 1R (RESTD HRS NIGHT) 60 months,516 526 527 528,11,4,60,07/10/2019,06/10/2024,28.85,11.44,,,,,
EMEB P4 1R (RESTRICTED HOURS) 12 months,510 511 513 514 518 519 554 521 517,11,4,12,07/10/2019,06/10/2020,26.86,11.65,,,,,
EMEB P4 1R (RESTRICTED HOURS) 24 months,517 521 510 511 513 514 518 519 554,11,4,24,07/10/2019,06/10/2021,27.36,11.74,,,,,
EMEB P4 1R (RESTRICTED HOURS) 36 months,517 510 511 513 514 518 519 554 521,11,4,36,07/10/2019,06/10/2022,27.86,11.84,,,,,
EMEB P4 1R (RESTRICTED HOURS) 48 months,521 510 511 513 514 518 519 554 517,11,4,48,07/10/2019,06/10/2023,28.36,12,,,,,
EMEB P4 1R (RESTRICTED HOURS) 60 months,521 517 510 511 513 514 518 519 554,11,4,60,07/10/2019,06/10/2024,28.85,12.27,,,,,
EMEB P4 2R 12 months,816 033 034 100 140 522 524 534 536 542 548 556 557 811 812 814 815 826 874 830 831 817,11,4,12,07/10/2019,06/10/2020,33.32,,14.56,10.47,,,
EMEB P4 2R 24 months,830 817 816 033 034 100 140 522 524 534 536 542 548 556 557 811 812 814 815 826 874 831,11,4,24,07/10/2019,06/10/2021,33.99,,14.83,10.56,,,
EMEB P4 2R 36 months,831 817 816 033 034 100 140 522 524 534 536 542 548 556 557 811 812 814 815 826 874 830,11,4,36,07/10/2019,06/10/2022,34.59,,14.89,10.66,,,
EMEB P4 2R 48 months,831 816 817 830 033 034 100 140 522 524 534 536 542 548 556 557 811 812 814 815 826 874,11,4,48,07/10/2019,06/10/2023,35.18,,15.16,10.81,,,
EMEB P4 2R 60 months,831 816 830 817 033 034 100 140 522 524 534 536 542 548 556 557 811 812 814 815 826 874,11,4,60,07/10/2019,06/10/2024,35.78,,15.53,11.06,,,
EMEB P4 3R (Eve/We & Night) 12 months,031 032 025 028 530 539 546 552 560 561 829 828,11,4,12,07/10/2019,06/10/2020,33.32,,,10.46,13.64,15.27,
EMEB P4 3R (Eve/We & Night) 24 months,025 028 530 539 546 552 560 561 829 031 828 032,11,4,24,07/10/2019,06/10/2021,33.99,,,10.52,13.71,15.66,
EMEB P4 3R (Eve/We & Night) 36 months,031 025 028 530 539 546 552 560 561 829 032 828,11,4,36,07/10/2019,06/10/2022,34.59,,,10.61,13.82,15.7,
EMEB P4 3R (Eve/We & Night) 48 months,031 025 028 530 539 546 552 560 561 829 828 032,11,4,48,07/10/2019,06/10/2023,35.18,,,10.79,14.01,16.02,
EMEB P4 3R (Eve/We & Night) 60 months,025 028 530 539 546 552 560 561 829 828 031 032,11,4,60,07/10/2019,06/10/2024,35.78,,,11.05,14.3,16.45,
ETCL P3 1R (East Midlands) 12 months,801,27,3,12,07/10/2019,06/10/2020,22.31,13.77,,,,,
ETCL P3 1R (East Midlands) 24 months,801,27,3,24,07/10/2019,06/10/2021,22.77,13.98,,,,,
ETCL P3 1R (East Midlands) 36 months,801,27,3,36,07/10/2019,06/10/2022,23.16,14.05,,,,,
ETCL P3 1R (East Midlands) 48 months,801,27,3,48,07/10/2019,06/10/2023,23.55,14.29,,,,,
ETCL P3 1R (East Midlands) 60 months,801,27,3,60,07/10/2019,06/10/2024,23.94,14.64,,,,,
ETCL P3 1R (Southern) 12 months,801,27,3,12,07/10/2019,06/10/2020,20.76,13.71,,,,,
ETCL P3 1R (Southern) 24 months,801,27,3,24,07/10/2019,06/10/2021,21.28,13.98,,,,,
ETCL P3 1R (Southern) 36 months,801,27,3,36,07/10/2019,06/10/2022,21.69,14.1,,,,,
ETCL P3 1R (Southern) 48 months,801,27,3,48,07/10/2019,06/10/2023,22.08,14.39,,,,,
ETCL P3 1R (Southern) 60 months,801,27,3,60,07/10/2019,06/10/2024,22.46,14.76,,,,,
HYDE P3 1R 12 months,001 110 111 500 707 708 873 801,17,3,12,07/10/2019,06/10/2020,25.79,14.64,,,,,
HYDE P3 1R 24 months,801 001 110 111 500 707 708 873,17,3,24,07/10/2019,06/10/2021,26.28,14.67,,,,,
HYDE P3 1R 36 months,001 110 111 500 707 708 873 801,17,3,36,07/10/2019,06/10/2022,26.72,14.58,,,,,
HYDE P3 1R 48 months,801 001 110 111 500 707 708 873,17,3,48,07/10/2019,06/10/2023,27.15,14.85,,,,,
HYDE P3 1R 60 months,801 001 110 111 500 707 708 873,17,3,60,07/10/2019,06/10/2024,27.59,15.26,,,,,
HYDE P3 2R 12 months,094 095 689 874 688,17,3,12,07/10/2019,06/10/2020,25.79,,,,13.74,15.3,
HYDE P3 2R 24 months,688 094 095 689 874,17,3,24,07/10/2019,06/10/2021,26.28,,,,13.63,15.44,
HYDE P3 2R 36 months,688 094 095 689 874,17,3,36,07/10/2019,06/10/2022,26.72,,,,13.57,15.33,
HYDE P3 2R 48 months,094 095 689 874 688,17,3,48,07/10/2019,06/10/2023,27.15,,,,13.78,15.65,
HYDE P3 2R 60 months,688 094 095 689 874,17,3,60,07/10/2019,06/10/2024,27.59,,,,14.12,16.1,
HYDE P4 2R 12 months,029 014 015 017 018 020 021 023 024 026 027 035 038 047 050 089 090 091 121 563 564 573 575 576 638 639 874,17,4,12,07/10/2019,06/10/2020,25.79,,15.36,11.5,,,
HYDE P4 2R 24 months,029 014 015 017 018 020 021 023 024 026 027 035 038 047 050 089 090 091 121 563 564 573 575 576 638 639 874,17,4,24,07/10/2019,06/10/2021,26.28,,15.45,11.46,,,
HYDE P4 2R 36 months,014 015 017 018 020 021 023 024 026 027 035 038 047 050 089 090 091 121 563 564 573 575 576 638 639 874 029,17,4,36,07/10/2019,06/10/2022,26.72,,15.32,11.34,,,
HYDE P4 2R 48 months,014 015 017 018 020 021 023 024 026 027 035 038 047 050 089 090 091 121 563 564 573 575 576 638 639 874 029,17,4,48,07/10/2019,06/10/2023,27.15,,15.6,11.5,,,
HYDE P4 2R 60 months,029 014 015 017 018 020 021 023 024 026 027 035 038 047 050 089 090 091 121 563 564 573 575 576 638 639 874,17,4,60,07/10/2019,06/10/2024,27.59,,16.01,11.79,,,
LENG P 3 1R Eastern 12 months,801,25,3,12,07/10/2019,06/10/2020,20.81,13.68,,,,,
LENG P 3 1R Eastern 24 months,801,25,3,24,07/10/2019,06/10/2021,21.16,13.95,,,,,
LENG P 3 1R Eastern 36 months,801,25,3,36,07/10/2019,06/10/2022,21.52,14.06,,,,,
LENG P 3 1R Eastern 48 months,801,25,3,48,07/10/2019,06/10/2023,21.88,14.31,,,,,
LENG P 3 1R Eastern 60 months,801,25,3,60,07/10/2019,06/10/2024,22.25,14.63,,,,,
LENG P3 1R (Southern) 12 months,801,25,3,12,07/10/2019,06/10/2020,20.86,13.71,,,,,
LENG P3 1R (Southern) 24 months,801,25,3,24,07/10/2019,06/10/2021,21.39,13.98,,,,,
LENG P3 1R (Southern) 36 months,801,25,3,36,07/10/2019,06/10/2022,21.8,14.1,,,,,
LENG P3 1R (Southern) 48 months,801,25,3,48,07/10/2019,06/10/2023,22.19,14.39,,,,,
LENG P3 1R (Southern) 60 months,801,25,3,60,07/10/2019,06/10/2024,22.57,14.76,,,,,
LOND P3 1R 12 months,802 500 501 873 801,12,3,12,07/10/2019,06/10/2020,20.04,13.14,,,,,
LOND P3 1R 24 months,802 500 501 873 801,12,3,24,07/10/2019,06/10/2021,20.4,13.44,,,,,
LOND P3 1R 36 months,500 501 873 802 801,12,3,36,07/10/2019,06/10/2022,20.76,13.56,,,,,
LOND P3 1R 48 months,801 802 500 501 873,12,3,48,07/10/2019,06/10/2023,21.12,13.81,,,,,
LOND P3 1R 60 months,500 501 873 801 802,12,3,60,07/10/2019,06/10/2024,21.47,14.12,,,,,
LOND P3 2R (Eve/We) 12 months,004 005 007 006,12,3,12,07/10/2019,06/10/2020,20.04,,,,11.83,14.11,
LOND P3 2R (Eve/We) 24 months,006 007 004 005,12,3,24,07/10/2019,06/10/2021,20.4,,,,11.97,14.53,
LOND P3 2R (Eve/We) 36 months,007 006 004 005,12,3,36,07/10/2019,06/10/2022,20.76,,,,12.12,14.61,
LOND P3 2R (Eve/We) 48 months,007 004 005 006,12,3,48,07/10/2019,06/10/2023,21.12,,,,12.3,14.92,
LOND P3 2R (Eve/We) 60 months,004 005 006 007,12,3,60,07/10/2019,06/10/2024,21.47,,,,12.54,15.29,
LOND P4 1R (RESTD HRS NIGHT) 12 months,011 014 015 037 061 517,12,4,12,07/10/2019,06/10/2020,15.95,,,9.63,,,
LOND P4 1R (RESTD HRS NIGHT) 24 months,011 014 015 037 061 517,12,4,24,07/10/2019,06/10/2021,16.25,,,9.71,,,
LOND P4 1R (RESTD HRS NIGHT) 36 months,011 014 015 037 061 517,12,4,36,07/10/2019,06/10/2022,16.54,,,9.82,,,
LOND P4 1R (RESTD HRS NIGHT) 48 months,011 014 015 037 061 517,12,4,48,07/10/2019,06/10/2023,16.84,,,9.96,,,
LOND P4 1R (RESTD HRS NIGHT) 60 months,011 014 015 037 061 517,12,4,60,07/10/2019,06/10/2024,17.13,,,10.18,,,
LOND P4 1R (RESTRICTED HOURS) 12 months,012 013 520 521,12,4,12,07/10/2019,06/10/2020,15.95,10.8,,,,,
LOND P4 1R (RESTRICTED HOURS) 24 months,012 013 520 521,12,4,24,07/10/2019,06/10/2021,16.25,10.91,,,,,
LOND P4 1R (RESTRICTED HOURS) 36 months,012 013 520 521,12,4,36,07/10/2019,06/10/2022,16.54,11.04,,,,,
LOND P4 1R (RESTRICTED HOURS) 48 months,012 013 520 521,12,4,48,07/10/2019,06/10/2023,16.84,11.19,,,,,
LOND P4 1R (RESTRICTED HOURS) 60 months,012 013 520 521,12,4,60,07/10/2019,06/10/2024,17.13,11.43,,,,,
LOND P4 2R 12 months,809 811 511 512 807 810 812 874 808,12,4,12,07/10/2019,06/10/2020,20.04,,14.38,9.49,,,
LOND P4 2R 24 months,511 512 807 810 812 874 809 808 811,12,4,24,07/10/2019,06/10/2021,20.4,,14.75,9.58,,,
LOND P4 2R 36 months,511 512 807 810 812 874 809 811 808,12,4,36,07/10/2019,06/10/2022,20.76,,14.86,9.69,,,
LOND P4 2R 48 months,511 512 807 810 812 874 808 809 811,12,4,48,07/10/2019,06/10/2023,21.12,,15.14,9.84,,,
LOND P4 2R 60 months,511 512 807 810 812 874 809 811 808,12,4,60,07/10/2019,06/10/2024,21.47,,15.5,10.07,,,
MANW P3 1R 12 months,500 501 840 873 802 801,13,3,12,07/10/2019,06/10/2020,19.52,15.38,,,,,
MANW P3 1R 24 months,802 801 500 501 840 873,13,3,24,07/10/2019,06/10/2021,19.64,15.65,,,,,
MANW P3 1R 36 months,801 802 500 501 840 873,13,3,36,07/10/2019,06/10/2022,19.87,15.76,,,,,
MANW P3 1R 48 months,801 802 500 501 840 873,13,3,48,07/10/2019,06/10/2023,20.13,16.03,,,,,
MANW P3 1R 60 months,802 500 501 840 873 801,13,3,60,07/10/2019,06/10/2024,20.41,16.39,,,,,
MANW P3 2R 12 months,034,13,3,12,07/10/2019,06/10/2020,19.52,14.7,,,,,31.18
MANW P3 2R 24 months,034,13,3,24,07/10/2019,06/10/2021,19.64,14.87,,,,,33.95
MANW P3 2R 36 months,034,13,3,36,07/10/2019,06/10/2022,19.87,15.04,,,,,32.41
MANW P3 2R 48 months,034,13,3,48,07/10/2019,06/10/2023,20.13,15.27,,,,,33.74
MANW P3 2R 60 months,034,13,3,60,07/10/2019,06/10/2024,20.41,15.58,,,,,35.28
MANW P4 1R (RESTD HRS NIGHT) 12 months,512 514 516 518,13,4,12,07/10/2019,06/10/2020,15.18,,,11.15,,,
MANW P4 1R (RESTD HRS NIGHT) 24 months,512 514 516 518,13,4,24,07/10/2019,06/10/2021,15.47,,,11.23,,,
MANW P4 1R (RESTD HRS NIGHT) 36 months,512 514 516 518,13,4,36,07/10/2019,06/10/2022,15.74,,,11.36,,,
MANW P4 1R (RESTD HRS NIGHT) 48 months,512 514 516 518,13,4,48,07/10/2019,06/10/2023,16.03,,,11.53,,,
MANW P4 1R (RESTD HRS NIGHT) 60 months,512 514 516 518,13,4,60,07/10/2019,06/10/2024,16.31,,,11.78,,,
MANW P4 1R (RESTRICTED HOURS) 12 months,520 522 524 526 528 530,13,4,12,07/10/2019,06/10/2020,15.18,,,11.62,,,
MANW P4 1R (RESTRICTED HOURS) 24 months,520 522 524 526 528 530,13,4,24,07/10/2019,06/10/2021,15.47,,,11.7,,,
MANW P4 1R (RESTRICTED HOURS) 36 months,520 522 524 526 528 530,13,4,36,07/10/2019,06/10/2022,15.74,,,11.81,,,
MANW P4 1R (RESTRICTED HOURS) 48 months,520 522 524 526 528 530,13,4,48,07/10/2019,06/10/2023,16.03,,,11.97,,,
MANW P4 1R (RESTRICTED HOURS) 60 months,520 522 524 526 528 530,13,4,60,07/10/2019,06/10/2024,16.31,,,12.22,,,
MANW P4 2R 12 months,011 811 009 010 546 812 874,13,4,12,07/10/2019,06/10/2020,19.52,,16.2,11.1,,,
MANW P4 2R 24 months,811 011 009 010 546 812 874,13,4,24,07/10/2019,06/10/2021,19.64,,16.49,11.18,,,
MANW P4 2R 36 months,009 010 546 812 874 011 811,13,4,36,07/10/2019,06/10/2022,19.87,,16.56,11.31,,,
MANW P4 2R 48 months,009 010 546 812 874 811 011,13,4,48,07/10/2019,06/10/2023,20.13,,16.86,11.48,,,
MANW P4 2R 60 months,011 811 009 010 546 812 874,13,4,60,07/10/2019,06/10/2024,20.41,,17.24,11.73,,,
MANW P4 3R (Eve/We/E7) 12 months,043 044,13,4,12,07/10/2019,06/10/2020,19.52,,16.79,11.01,15.05,,
MANW P4 3R (Eve/We/E7) 24 months,043 044,13,4,24,07/10/2019,06/10/2021,19.64,,17.18,11.08,15.14,,
MANW P4 3R (Eve/We/E7) 36 months,043 044,13,4,36,07/10/2019,06/10/2022,19.87,,17.23,11.19,15.26,,
MANW P4 3R (Eve/We/E7) 48 months,043 044,13,4,48,07/10/2019,06/10/2023,20.13,,17.57,11.36,15.47,,
MANW P4 3R (Eve/We/E7) 60 months,043 044,13,4,60,07/10/2019,06/10/2024,20.41,,18,11.61,15.76,,
MIDE P3 1R 12 months,802 801 053 500 517 565 873,14,3,12,07/10/2019,06/10/2020,24.84,13.97,,,,,
MIDE P3 1R 24 months,802 801 053 500 517 565 873,14,3,24,07/10/2019,06/10/2021,25.46,14.3,,,,,
MIDE P3 1R 36 months,802 053 500 517 565 873 801,14,3,36,07/10/2019,06/10/2022,25.96,14.42,,,,,
MIDE P3 1R 48 months,802 053 500 517 565 873 801,14,3,48,07/10/2019,06/10/2023,26.44,14.69,,,,,
MIDE P3 1R 60 months,801 802 053 500 517 565 873,14,3,60,07/10/2019,06/10/2024,26.91,15.07,,,,,
MIDE P3 2R (Day/Night) 12 months,521 522 524 526 809 811 812 814 874,14,3,12,07/10/2019,06/10/2020,24.84,,14.48,11.55,,,
MIDE P3 2R (Day/Night) 24 months,521 522 524 526 809 811 812 814 874,14,3,24,07/10/2019,06/10/2021,25.46,,14.84,11.74,,,
MIDE P3 2R (Day/Night) 36 months,521 522 524 526 809 811 812 814 874,14,3,36,07/10/2019,06/10/2022,25.96,,14.95,11.89,,,
MIDE P3 2R (Day/Night) 48 months,521 522 524 526 809 811 812 814 874,14,3,48,07/10/2019,06/10/2023,26.44,,15.25,12.09,,,
MIDE P3 2R (Day/Night) 60 months,521 522 524 526 809 811 812 814 874,14,3,60,07/10/2019,06/10/2024,26.91,,15.64,12.37,,,
MIDE P3 2R (Eve/We) 12 months,031 551,14,3,12,07/10/2019,06/10/2020,24.84,,,,12.72,14.92,
MIDE P3 2R (Eve/We) 24 months,031 551,14,3,24,07/10/2019,06/10/2021,25.46,,,,12.89,15.38,
MIDE P3 2R (Eve/We) 36 months,031 551,14,3,36,07/10/2019,06/10/2022,25.96,,,,13.03,15.47,
MIDE P3 2R (Eve/We) 48 months,031 551,14,3,48,07/10/2019,06/10/2023,26.44,,,,13.23,15.81,
MIDE P3 2R (Eve/We) 60 months,031 551,14,3,60,07/10/2019,06/10/2024,26.91,,,,13.54,16.24,
MIDE P4 1R (RESTD HRS NIGHT) 12 months,021 058 532 533 560,14,4,12,07/10/2019,06/10/2020,24.84,,,11.36,,,
MIDE P4 1R (RESTD HRS NIGHT) 24 months,021 058 532 533 560,14,4,24,07/10/2019,06/10/2021,25.46,,,11.49,,,
MIDE P4 1R (RESTD HRS NIGHT) 36 months,021 058 532 533 560,14,4,36,07/10/2019,06/10/2022,25.96,,,11.62,,,
MIDE P4 1R (RESTD HRS NIGHT) 48 months,021 058 532 533 560,14,4,48,07/10/2019,06/10/2023,26.44,,,11.82,,,
MIDE P4 1R (RESTD HRS NIGHT) 60 months,021 058 532 533 560,14,4,60,07/10/2019,06/10/2024,26.91,,,12.1,,,
MIDE P4 1R (RESTRICTED HOURS) 12 months,023 024 059 536 537 538 539 541,14,4,12,07/10/2019,06/10/2020,16.78,10.99,,,,,
MIDE P4 1R (RESTRICTED HOURS) 24 months,023 024 059 536 537 538 539 541,14,4,24,07/10/2019,06/10/2021,17.1,11.12,,,,,
MIDE P4 1R (RESTRICTED HOURS) 36 months,023 024 059 536 537 538 539 541,14,4,36,07/10/2019,06/10/2022,17.41,11.24,,,,,
MIDE P4 1R (RESTRICTED HOURS) 48 months,023 024 059 536 537 538 539 541,14,4,48,07/10/2019,06/10/2023,17.72,11.43,,,,,
MIDE P4 1R (RESTRICTED HOURS) 60 months,023 024 059 536 537 538 539 541,14,4,60,07/10/2019,06/10/2024,18.03,11.7,,,,,
MIDE P4 2R 12 months,811 524 526 809 812 814 864 865 874,14,4,12,07/10/2019,06/10/2020,24.84,,14.74,10.7,,,
MIDE P4 2R 24 months,524 526 809 812 814 864 865 874 811,14,4,24,07/10/2019,06/10/2021,25.46,,15.08,10.79,,,
MIDE P4 2R 36 months,811 524 526 809 812 814 864 865 874,14,4,36,07/10/2019,06/10/2022,25.96,,15.17,10.89,,,
MIDE P4 2R 48 months,811 524 526 809 812 814 864 865 874,14,4,48,07/10/2019,06/10/2023,26.44,,15.46,11.08,,,
MIDE P4 2R 60 months,524 526 809 812 814 864 865 874 811,14,4,60,07/10/2019,06/10/2024,26.91,,15.86,11.36,,,
NEEB P3 1R 12 months,801 500 802 873,15,3,12,07/10/2019,06/10/2020,33.39,13.92,,,,,
NEEB P3 1R 24 months,500 802 873 801,15,3,24,07/10/2019,06/10/2021,34.19,14.23,,,,,
NEEB P3 1R 36 months,801 500 802 873,15,3,36,07/10/2019,06/10/2022,34.78,14.35,,,,,
NEEB P3 1R 48 months,801 500 802 873,15,3,48,07/10/2019,06/10/2023,35.33,14.61,,,,,
NEEB P3 1R 60 months,801 500 802 873,15,3,60,07/10/2019,06/10/2024,35.85,14.95,,,,,
NEEB P4 1R (RESTRICTED HOURS) 12 months,011 012 013 014 511 512 513 514,15,4,12,07/10/2019,06/10/2020,33.39,12.34,,,,,
NEEB P4 1R (RESTRICTED HOURS) 24 months,011 012 013 014 511 512 513 514,15,4,24,07/10/2019,06/10/2021,34.19,12.52,,,,,
NEEB P4 1R (RESTRICTED HOURS) 36 months,011 012 013 014 511 512 513 514,15,4,36,07/10/2019,06/10/2022,34.78,12.69,,,,,
NEEB P4 1R (RESTRICTED HOURS) 48 months,011 012 013 014 511 512 513 514,15,4,48,07/10/2019,06/10/2023,35.33,12.89,,,,,
NEEB P4 1R (RESTRICTED HOURS) 60 months,011 012 013 014 511 512 513 514,15,4,60,07/10/2019,06/10/2024,35.85,13.17,,,,,
NEEB P4 2R (Eve/We) 12 months,043 543,15,4,12,07/10/2019,06/10/2020,33.39,,,,11.85,15.38,
NEEB P4 2R (Eve/We) 24 months,043 543,15,4,24,07/10/2019,06/10/2021,34.19,,,,11.95,15.86,
NEEB P4 2R (Eve/We) 36 months,043 543,15,4,36,07/10/2019,06/10/2022,34.78,,,,12.08,15.93,
NEEB P4 2R (Eve/We) 48 months,043 543,15,4,48,07/10/2019,06/10/2023,35.33,,,,12.26,16.27,
NEEB P4 2R (Eve/We) 60 months,043 543,15,4,60,07/10/2019,06/10/2024,35.85,,,,12.54,16.69,
NEEB P4 2R 12 months,808 809 517 518 519 520 528 529 533 534 535 807 810 811 812 874,15,4,12,07/10/2019,06/10/2020,33.39,,14.76,10.45,,,
NEEB P4 2R 24 months,517 518 519 520 528 529 533 534 535 807 810 811 812 874 809 808,15,4,24,07/10/2019,06/10/2021,34.19,,15.1,10.57,,,
NEEB P4 2R 36 months,517 518 519 520 528 529 533 534 535 807 810 811 812 874 808 809,15,4,36,07/10/2019,06/10/2022,34.78,,15.2,10.7,,,
NEEB P4 2R 48 months,808 809 517 518 519 520 528 529 533 534 535 807 810 811 812 874,15,4,48,07/10/2019,06/10/2023,35.33,,15.48,10.88,,,
NEEB P4 2R 60 months,517 518 519 520 528 529 533 534 535 807 810 811 812 874 809 808,15,4,60,07/10/2019,06/10/2024,35.85,,15.85,11.13,,,
NORW P3 1R 12 months,801 500 873,16,3,12,07/10/2019,06/10/2020,30.63,14.07,,,,,
NORW P3 1R 24 months,801 500 873,16,3,24,07/10/2019,06/10/2021,31.18,14.39,,,,,
NORW P3 1R 36 months,801 500 873,16,3,36,07/10/2019,06/10/2022,31.69,14.59,,,,,
NORW P3 1R 48 months,801 500 873,16,3,48,07/10/2019,06/10/2023,32.22,14.95,,,,,
NORW P3 1R 60 months,801 500 873,16,3,60,07/10/2019,06/10/2024,32.77,15.35,,,,,
NORW P4 1R (RESTD HRS NIGHT) 12 months,511 512 564 565 566,16,4,12,07/10/2019,06/10/2020,26.86,,,10.19,,,
NORW P4 1R (RESTD HRS NIGHT) 24 months,511 512 564 565 566,16,4,24,07/10/2019,06/10/2021,27.36,,,10.26,,,
NORW P4 1R (RESTD HRS NIGHT) 36 months,511 512 564 565 566,16,4,36,07/10/2019,06/10/2022,27.86,,,10.4,,,
NORW P4 1R (RESTD HRS NIGHT) 48 months,511 512 564 565 566,16,4,48,07/10/2019,06/10/2023,28.36,,,10.59,,,
NORW P4 1R (RESTD HRS NIGHT) 60 months,511 512 564 565 566,16,4,60,07/10/2019,06/10/2024,28.85,,,10.85,,,
NORW P4 1R (RESTRICTED HOURS) 12 months,515 516 517 520 521 558 561,16,4,12,07/10/2019,06/10/2020,26.86,10.84,,,,,
NORW P4 1R (RESTRICTED HOURS) 24 months,515 516 517 520 521 558 561,16,4,24,07/10/2019,06/10/2021,27.36,10.94,,,,,
NORW P4 1R (RESTRICTED HOURS) 36 months,515 516 517 520 521 558 561,16,4,36,07/10/2019,06/10/2022,27.86,11.08,,,,,
NORW P4 1R (RESTRICTED HOURS) 48 months,515 516 517 520 521 558 561,16,4,48,07/10/2019,06/10/2023,28.36,11.27,,,,,
NORW P4 1R (RESTRICTED HOURS) 60 months,515 516 517 520 521 558 561,16,4,60,07/10/2019,06/10/2024,28.85,11.53,,,,,
NORW P4 2R (Eve/We) 12 months,019 536,16,4,12,07/10/2019,06/10/2020,30.63,,,,13.33,15.65,
NORW P4 2R (Eve/We) 24 months,019 536,16,4,24,07/10/2019,06/10/2021,31.18,,,,13.47,16.13,
NORW P4 2R (Eve/We) 36 months,019 536,16,4,36,07/10/2019,06/10/2022,31.69,,,,13.66,16.23,
NORW P4 2R (Eve/We) 48 months,019 536,16,4,48,07/10/2019,06/10/2023,32.22,,,,13.91,16.63,
NORW P4 2R (Eve/We) 60 months,019 536,16,4,60,07/10/2019,06/10/2024,32.77,,,,14.22,17.09,
NORW P4 2R (Split) 12 months,006 021 567,16,4,12,07/10/2019,06/10/2020,30.63,,14.84,10.2,,,
NORW P4 2R (Split) 24 months,006 021 567,16,4,24,07/10/2019,06/10/2021,31.18,,15.17,10.28,,,
NORW P4 2R (Split) 36 months,006 021 567,16,4,36,07/10/2019,06/10/2022,31.69,,15.31,10.42,,,
NORW P4 2R (Split) 48 months,006 021 567,16,4,48,07/10/2019,06/10/2023,32.22,,15.65,10.6,,,
NORW P4 2R (Split) 60 months,006 021 567,16,4,60,07/10/2019,06/10/2024,32.77,,16.05,10.83,,,
NORW P4 2R 12 months,813 522 548 549 807 808 811 812 814 874,16,4,12,07/10/2019,06/10/2020,30.63,,14.82,10.17,,,
NORW P4 2R 24 months,813 522 548 549 807 808 811 812 814 874,16,4,24,07/10/2019,06/10/2021,31.18,,15.15,10.25,,,
NORW P4 2R 36 months,522 548 549 807 808 811 812 814 874 813,16,4,36,07/10/2019,06/10/2022,31.69,,15.29,10.39,,,
NORW P4 2R 48 months,522 548 549 807 808 811 812 814 874 813,16,4,48,07/10/2019,06/10/2023,32.22,,15.63,10.58,,,
NORW P4 2R 60 months,522 548 549 807 808 811 812 814 874 813,16,4,60,07/10/2019,06/10/2024,32.77,,16.03,10.85,,,
NORW P4 3R 12 months,005 524,16,4,12,07/10/2019,06/10/2020,30.63,,,10.09,13.79,15.65,
NORW P4 3R 24 months,005 524,16,4,24,07/10/2019,06/10/2021,31.18,,,10.16,13.93,16.12,
NORW P4 3R 36 months,005 524,16,4,36,07/10/2019,06/10/2022,31.69,,,10.29,14.12,16.23,
NORW P4 3R 48 months,005 524,16,4,48,07/10/2019,06/10/2023,32.22,,,10.48,14.37,16.63,
NORW P4 3R 60 months,005 524,16,4,60,07/10/2019,06/10/2024,32.77,,,10.74,14.68,17.09,
SEEB P3 1R 12 months,802 002 500 501 873 801,19,3,12,07/10/2019,06/10/2020,20.6,13.73,,,,,
SEEB P3 1R 24 months,002 500 501 873 801 802,19,3,24,07/10/2019,06/10/2021,21,14.05,,,,,
SEEB P3 1R 36 months,802 801 002 500 501 873,19,3,36,07/10/2019,06/10/2022,21.38,14.19,,,,,
SEEB P3 1R 48 months,801 802 002 500 501 873,19,3,48,07/10/2019,06/10/2023,21.75,14.46,,,,,
SEEB P3 1R 60 months,801 802 002 500 501 873,19,3,60,07/10/2019,06/10/2024,22.12,14.8,,,,,
SEEB P3 2R (9hr WM) 12 months,024,19,4,12,07/10/2019,06/10/2020,20.6,,15.17,10.04,,,
SEEB P3 2R (9hr WM) 24 months,024,19,4,24,07/10/2019,06/10/2021,21,,15.56,10.17,,,
SEEB P3 2R (9hr WM) 36 months,024,19,4,36,07/10/2019,06/10/2022,21.38,,15.7,10.31,,,
SEEB P3 2R (9hr WM) 48 months,024,19,4,48,07/10/2019,06/10/2023,21.75,,16.01,10.47,,,
SEEB P3 2R (9hr WM) 60 months,024,19,4,60,07/10/2019,06/10/2024,22.12,,16.39,10.69,,,
SEEB P3 2R (Split) 12 months,016 521,19,3,12,07/10/2019,06/10/2020,20.6,,14.24,11.27,,,
SEEB P3 2R (Split) 24 months,016 521,19,3,24,07/10/2019,06/10/2021,21,,14.58,11.42,,,
SEEB P3 2R (Split) 36 months,016 521,19,3,36,07/10/2019,06/10/2022,21.38,,14.72,11.59,,,
SEEB P3 2R (Split) 48 months,016 521,19,3,48,07/10/2019,06/10/2023,21.75,,15.02,11.79,,,
SEEB P3 2R (Split) 60 months,016 521,19,3,60,07/10/2019,06/10/2024,22.12,,15.37,12.03,,,
SEEB P3 2R 12 months,157 158 510 511 512 513 805 806 807 811 812 815 874,19,3,12,07/10/2019,06/10/2020,20.6,,14.28,11.14,,,
SEEB P3 2R 24 months,157 158 510 511 512 513 805 806 807 811 812 815 874,19,3,24,07/10/2019,06/10/2021,21,,14.63,11.3,,,
SEEB P3 2R 36 months,157 158 510 511 512 513 805 806 807 811 812 815 874,19,3,36,07/10/2019,06/10/2022,21.38,,14.77,11.47,,,
SEEB P3 2R 48 months,157 158 510 511 512 513 805 806 807 811 812 815 874,19,3,48,07/10/2019,06/10/2023,21.75,,15.06,11.67,,,
SEEB P3 2R 60 months,157 158 510 511 512 513 805 806 807 811 812 815 874,19,3,60,07/10/2019,06/10/2024,22.12,,15.42,11.91,,,
SEEB P4 1R (NIGHT RSTCTD HRS) 12 months,043 045 535 550 552,19,4,12,07/10/2019,06/10/2020,15.84,,,10.3,,,
SEEB P4 1R (NIGHT RSTCTD HRS) 24 months,043 045 535 550 552,19,4,24,07/10/2019,06/10/2021,16.14,,,10.41,,,
SEEB P4 1R (NIGHT RSTCTD HRS) 36 months,043 045 535 550 552,19,4,36,07/10/2019,06/10/2022,16.43,,,10.55,,,
SEEB P4 1R (NIGHT RSTCTD HRS) 48 months,043 045 535 550 552,19,4,48,07/10/2019,06/10/2023,16.73,,,10.72,,,
SEEB P4 1R (NIGHT RSTCTD HRS) 60 months,043 045 535 550 552,19,4,60,07/10/2019,06/10/2024,17.02,,,10.96,,,
SEEB P4 1R (RESTRICTED HOURS) 12 months,027 029 033 035 037 039 041 049 051 053 055 531 533 540 542 544 546 548 554 556 558 560 824,19,4,12,07/10/2019,06/10/2020,15.84,12.66,,,,,
SEEB P4 1R (RESTRICTED HOURS) 24 months,027 029 033 035 037 039 041 049 051 053 055 531 533 540 542 544 546 548 554 556 558 560 824,19,4,24,07/10/2019,06/10/2021,16.14,12.97,,,,,
SEEB P4 1R (RESTRICTED HOURS) 36 months,027 029 033 035 037 039 041 049 051 053 055 531 533 540 542 544 546 548 554 556 558 560 824,19,4,36,07/10/2019,06/10/2022,16.43,13.07,,,,,
SEEB P4 1R (RESTRICTED HOURS) 48 months,027 029 033 035 037 039 041 049 051 053 055 531 533 540 542 544 546 548 554 556 558 560 824,19,4,48,07/10/2019,06/10/2023,16.73,13.34,,,,,
SEEB P4 1R (RESTRICTED HOURS) 60 months,027 029 033 035 037 039 041 049 051 053 055 531 533 540 542 544 546 548 554 556 558 560 824,19,4,60,07/10/2019,06/10/2024,17.02,13.69,,,,,
SEEB P4 2R 12 months,157 805 815 812 009 016 066 156 158 510 511 512 513 516 521 571 572 806 807 874 811,19,4,12,07/10/2019,06/10/2020,20.6,,15.1,10.05,,,
SEEB P4 2R 24 months,811 805 812 815 009 016 066 156 158 510 511 512 513 516 521 571 572 806 807 874 157,19,4,24,07/10/2019,06/10/2021,21,,15.48,10.18,,,
SEEB P4 2R 36 months,009 016 066 156 158 510 511 512 513 516 521 571 572 806 807 874 815 805 812 157 811,19,4,36,07/10/2019,06/10/2022,21.38,,15.63,10.32,,,
SEEB P4 2R 48 months,811 805 157 812 815 009 016 066 156 158 510 511 512 513 516 521 571 572 806 807 874,19,4,48,07/10/2019,06/10/2023,21.75,,15.94,10.49,,,
SEEB P4 2R 60 months,805 815 157 812 811 009 016 066 156 158 510 511 512 513 516 521 571 572 806 807 874,19,4,60,07/10/2019,06/10/2024,22.12,,16.31,10.7,,,
SEEB P4 3R 12 months,067 069 070 573 574 575 576 068 829,19,4,12,07/10/2019,06/10/2020,20.6,,,9.96,14.42,15.84,
SEEB P4 3R 24 months,068 829 067 069 070 573 574 575 576,19,4,24,07/10/2019,06/10/2021,21,,,10.06,14.61,16.35,
SEEB P4 3R 36 months,068 067 069 070 573 574 575 576 829,19,4,36,07/10/2019,06/10/2022,21.38,,,10.2,14.81,16.47,
SEEB P4 3R 48 months,067 069 070 573 574 575 576 829 068,19,4,48,07/10/2019,06/10/2023,21.75,,,10.37,15.03,16.83,
SEEB P4 3R 60 months,068 829 067 069 070 573 574 575 576,19,4,60,07/10/2019,06/10/2024,22.12,,,10.61,15.34,17.26,
SOUT P3 1R 12 months,126 500 802 873 501 801,20,3,12,07/10/2019,06/10/2020,21.35,13.71,,,,,
SOUT P3 1R 24 months,801 501 126 500 802 873,20,3,24,07/10/2019,06/10/2021,21.89,13.98,,,,,
SOUT P3 1R 36 months,501 801 126 500 802 873,20,3,36,07/10/2019,06/10/2022,22.31,14.1,,,,,
SOUT P3 1R 48 months,501 126 500 802 873 801,20,3,48,07/10/2019,06/10/2023,22.71,14.39,,,,,
SOUT P3 1R 60 months,501 801 126 500 802 873,20,3,60,07/10/2019,06/10/2024,23.1,14.76,,,,,
SOUT P3 2R (Eve/We) 12 months,105 104 106 128 129 130 131 615 616 617 618 107,20,3,12,07/10/2019,06/10/2020,21.35,,14.74,,12.38,,
SOUT P3 2R (Eve/We) 24 months,105 107 104 106 128 129 130 131 615 616 617 618,20,3,24,07/10/2019,06/10/2021,21.89,,15.13,,12.49,,
SOUT P3 2R (Eve/We) 36 months,105 104 106 128 129 130 131 615 616 617 618 107,20,3,36,07/10/2019,06/10/2022,22.31,,15.23,,12.63,,
SOUT P3 2R (Eve/We) 48 months,105 107 104 106 128 129 130 131 615 616 617 618,20,3,48,07/10/2019,06/10/2023,22.71,,15.57,,12.85,,
SOUT P3 2R (Eve/We) 60 months,105 107 104 106 128 129 130 131 615 616 617 618,20,3,60,07/10/2019,06/10/2024,23.1,,16,,13.15,,
SOUT P4 1R (RESTD HRS NIGHT) 12 months,075 076 083 084 575 576 578 583 584 635,20,4,12,07/10/2019,06/10/2020,16.43,10.4,,,,,
SOUT P4 1R (RESTD HRS NIGHT) 24 months,075 076 083 084 575 576 578 583 584 635,20,4,24,07/10/2019,06/10/2021,16.74,10.46,,,,,
SOUT P4 1R (RESTD HRS NIGHT) 36 months,075 076 083 084 575 576 578 583 584 635,20,4,36,07/10/2019,06/10/2022,17.05,10.58,,,,,
SOUT P4 1R (RESTD HRS NIGHT) 48 months,075 076 083 084 575 576 578 583 584 635,20,4,48,07/10/2019,06/10/2023,17.35,10.78,,,,,
SOUT P4 1R (RESTD HRS NIGHT) 60 months,075 076 083 084 575 576 578 583 584 635,20,4,60,07/10/2019,06/10/2024,17.65,11.05,,,,,
SOUT P4 1R (RESTRICTED HOURS) 12 months,005 006 013 014 015 016 017 018 019 020 023 024 031 032 041 042 513 514 515 516 517 518 519 520 523 524 530 531 532 541 542 634 635,20,4,12,07/10/2019,06/10/2020,16.43,10.77,,,,,
SOUT P4 1R (RESTRICTED HOURS) 24 months,005 006 013 014 015 016 017 018 019 020 023 024 031 032 041 042 513 514 515 516 517 518 519 520 523 524 530 531 532 541 542 634 635,20,4,24,07/10/2019,06/10/2021,16.74,10.86,,,,,
SOUT P4 1R (RESTRICTED HOURS) 36 months,005 006 013 014 015 016 017 018 019 020 023 024 031 032 041 042 513 514 515 516 517 518 519 520 523 524 530 531 532 541 542 634 635,20,4,36,07/10/2019,06/10/2022,17.05,10.99,,,,,
SOUT P4 1R (RESTRICTED HOURS) 48 months,005 006 013 014 015 016 017 018 019 020 023 024 031 032 041 042 513 514 515 516 517 518 519 520 523 524 530 531 532 541 542 634 635,20,4,48,07/10/2019,06/10/2023,17.35,11.18,,,,,
SOUT P4 1R (RESTRICTED HOURS) 60 months,005 006 013 014 015 016 017 018 019 020 023 024 031 032 041 042 513 514 515 516 517 518 519 520 523 524 530 531 532 541 542 634 635,20,4,60,07/10/2019,06/10/2024,17.65,11.46,,,,,
SOUT P4 2R 12 months,811 064 065 044 045 544 545 564 568 569 624 805 807 808 809 810 812 874,20,4,12,07/10/2019,06/10/2020,21.35,,15.21,10.17,,,
SOUT P4 2R 24 months,065 044 045 544 545 564 568 569 624 805 807 808 809 810 812 874 064 811,20,4,24,07/10/2019,06/10/2021,21.89,,15.52,10.22,,,
SOUT P4 2R 36 months,064 065 811 044 045 544 545 564 568 569 624 805 807 808 809 810 812 874,20,4,36,07/10/2019,06/10/2022,22.31,,15.64,10.33,,,
SOUT P4 2R 48 months,044 045 544 545 564 568 569 624 805 807 808 809 810 812 874 064 811 065,20,4,48,07/10/2019,06/10/2023,22.71,,15.95,10.5,,,
SOUT P4 2R 60 months,811 044 045 544 545 564 568 569 624 805 807 808 809 810 812 874 065 064,20,4,60,07/10/2019,06/10/2024,23.1,,16.36,10.76,,,
SOUT P4 3R (Eve/We/E7) 12 months,109 108 110 111 132 619 621 622,20,4,12,07/10/2019,06/10/2020,21.35,,,10.17,12.07,16,
SOUT P4 3R (Eve/We/E7) 24 months,108 110 111 132 619 621 622 109,20,4,24,07/10/2019,06/10/2021,21.89,,,10.22,12.12,16.44,
SOUT P4 3R (Eve/We/E7) 36 months,109 108 110 111 132 619 621 622,20,4,36,07/10/2019,06/10/2022,22.31,,,10.33,12.22,16.53,
SOUT P4 3R (Eve/We/E7) 48 months,109 108 110 111 132 619 621 622,20,4,48,07/10/2019,06/10/2023,22.71,,,10.51,12.41,16.9,
SOUT P4 3R (Eve/We/E7) 60 months,109 108 110 111 132 619 621 622,20,4,60,07/10/2019,06/10/2024,23.1,,,10.76,12.7,17.36,
SPOW P3 1R 12 months,802 801 500 501 838 840 873,18,3,12,07/10/2019,06/10/2020,20.91,14.04,,,,,
SPOW P3 1R 24 months,500 501 838 840 873 802 801,18,3,24,07/10/2019,06/10/2021,21.13,14.27,,,,,
SPOW P3 1R 36 months,802 801 500 501 838 840 873,18,3,36,07/10/2019,06/10/2022,21.41,14.35,,,,,
SPOW P3 1R 48 months,801 500 501 838 840 873 802,18,3,48,07/10/2019,06/10/2023,21.71,14.58,,,,,
SPOW P3 1R 60 months,500 501 838 840 873 801 802,18,3,60,07/10/2019,06/10/2024,22.02,14.89,,,,,
SPOW P3 2R 12 months,680 681 826 874 827,18,3,12,07/10/2019,06/10/2020,20.91,,14.85,,12.95,,
SPOW P3 2R 24 months,827 680 681 826 874,18,3,24,07/10/2019,06/10/2021,21.13,,15.2,,13.03,,
SPOW P3 2R 36 months,680 681 826 874 827,18,3,36,07/10/2019,06/10/2022,21.41,,15.25,,13.14,,
SPOW P3 2R 48 months,827 680 681 826 874,18,3,48,07/10/2019,06/10/2023,21.71,,15.53,,13.31,,
SPOW P3 2R 60 months,827 680 681 826 874,18,3,60,07/10/2019,06/10/2024,22.02,,15.89,,13.56,,
SPOW P4 1R (Restricted) 12 months,516 517 523 525 552 554 568 576 600 604 608 616 620 624 628 632 634 636 640 644 648 658 660,18,4,12,07/10/2019,06/10/2020,15.18,12.18,,,,,
SPOW P4 1R (Restricted) 24 months,516 517 523 525 552 554 568 576 600 604 608 616 620 624 628 632 634 636 640 644 648 658 660,18,4,24,07/10/2019,06/10/2021,15.47,12.3,,,,,
SPOW P4 1R (Restricted) 36 months,516 517 523 525 552 554 568 576 600 604 608 616 620 624 628 632 634 636 640 644 648 658 660,18,4,36,07/10/2019,06/10/2022,15.74,12.42,,,,,
SPOW P4 1R (Restricted) 48 months,516 517 523 525 552 554 568 576 600 604 608 616 620 624 628 632 634 636 640 644 648 658 660,18,4,48,07/10/2019,06/10/2023,16.03,12.58,,,,,
SPOW P4 1R (Restricted) 60 months,516 517 523 525 552 554 568 576 600 604 608 616 620 624 628 632 634 636 640 644 648 658 660,18,4,60,07/10/2019,06/10/2024,16.31,12.83,,,,,
SPOW P4 2R 12 months,005 588 021 001 003 004 007 009 011 013 015 017 019 023 025 590 692 694 696 698 700 702 704 706 708 710 712 874,18,4,12,07/10/2019,06/10/2020,20.91,,15.26,10.95,,,
SPOW P4 2R 24 months,588 021 005 001 003 004 007 009 011 013 015 017 019 023 025 590 692 694 696 698 700 702 704 706 708 710 712 874,18,4,24,07/10/2019,06/10/2021,21.13,,15.56,11.07,,,
SPOW P4 2R 36 months,001 003 004 007 009 011 013 015 017 019 023 025 590 692 694 696 698 700 702 704 706 708 710 712 874 588 005 021,18,4,36,07/10/2019,06/10/2022,21.41,,15.62,11.18,,,
SPOW P4 2R 48 months,005 021 588 001 003 004 007 009 011 013 015 017 019 023 025 590 692 694 696 698 700 702 704 706 708 710 712 874,18,4,48,07/10/2019,06/10/2023,21.71,,15.88,11.33,,,
SPOW P4 2R 60 months,021 001 003 004 007 009 011 013 015 017 019 023 025 590 692 694 696 698 700 702 704 706 708 710 712 874 005 588,18,4,60,07/10/2019,06/10/2024,22.02,,16.22,11.54,,,
SWAE P3 1R 12 months,500 501 801 802 873,21,3,12,07/10/2019,06/10/2020,35.77,13.98,,,,,
SWAE P3 1R 24 months,500 501 801 802 873,21,3,24,07/10/2019,06/10/2021,36.32,14.24,,,,,
SWAE P3 1R 36 months,500 501 801 802 873,21,3,36,07/10/2019,06/10/2022,36.92,14.31,,,,,
SWAE P3 1R 48 months,500 501 801 802 873,21,3,48,07/10/2019,06/10/2023,37.55,14.58,,,,,
SWAE P3 1R 60 months,500 501 801 802 873,21,3,60,07/10/2019,06/10/2024,38.19,14.98,,,,,
SWAE P3 2R (Eve/We) 12 months,220 740 741 221,21,3,12,07/10/2019,06/10/2020,35.77,,,,12.84,14.85,
SWAE P3 2R (Eve/We) 24 months,220 740 741 221,21,3,24,07/10/2019,06/10/2021,36.32,,,,12.94,15.23,
SWAE P3 2R (Eve/We) 36 months,220 740 741 221,21,3,36,07/10/2019,06/10/2022,36.92,,,,13.03,15.29,
SWAE P3 2R (Eve/We) 48 months,221 220 740 741,21,3,48,07/10/2019,06/10/2023,37.55,,,,13.23,15.62,
SWAE P3 2R (Eve/We) 60 months,220 740 741 221,21,3,60,07/10/2019,06/10/2024,38.19,,,,13.56,16.08,
SWAE P4 1R (RESTRICTED HOURS) 12 months,603 604 605 606 607 608 623,21,4,12,07/10/2019,06/10/2020,26.86,11.34,,,,,
SWAE P4 1R (RESTRICTED HOURS) 24 months,603 604 605 606 607 608 623,21,4,24,07/10/2019,06/10/2021,27.36,11.46,,,,,
SWAE P4 1R (RESTRICTED HOURS) 36 months,603 604 605 606 607 608 623,21,4,36,07/10/2019,06/10/2022,27.86,11.56,,,,,
SWAE P4 1R (RESTRICTED HOURS) 48 months,603 604 605 606 607 608 623,21,4,48,07/10/2019,06/10/2023,28.36,11.75,,,,,
SWAE P4 1R (RESTRICTED HOURS) 60 months,603 604 605 606 607 608 623,21,4,60,07/10/2019,06/10/2024,28.85,12.06,,,,,
SWAE P4 2R (8Hr Night) 12 months,190 192,21,4,12,07/10/2019,06/10/2020,35.77,,15.04,11.52,,,
SWAE P4 2R (8Hr Night) 24 months,190 192,21,4,24,07/10/2019,06/10/2021,36.32,,15.35,11.63,,,
SWAE P4 2R (8Hr Night) 36 months,190 192,21,4,36,07/10/2019,06/10/2022,36.92,,15.42,11.71,,,
SWAE P4 2R (8Hr Night) 48 months,190 192,21,4,48,07/10/2019,06/10/2023,37.55,,15.72,11.92,,,
SWAE P4 2R (8Hr Night) 60 months,190 192,21,4,60,07/10/2019,06/10/2024,38.19,,16.16,12.23,,,
SWAE P4 2R (Split) 12 months,141 142 143 144 145 146 208,21,4,12,07/10/2019,06/10/2020,35.77,,14.93,11.23,,,
SWAE P4 2R (Split) 24 months,141 142 143 144 145 146 208,21,4,24,07/10/2019,06/10/2021,36.32,,15.23,11.33,,,
SWAE P4 2R (Split) 36 months,141 142 143 144 145 146 208,21,4,36,07/10/2019,06/10/2022,36.92,,15.3,11.43,,,
SWAE P4 2R (Split) 48 months,141 142 143 144 145 146 208,21,4,48,07/10/2019,06/10/2023,37.55,,15.6,11.58,,,
SWAE P4 2R (Split) 60 months,141 142 143 144 145 146 208,21,4,60,07/10/2019,06/10/2024,38.19,,16.03,11.87,,,
SWAE P4 2R 12 months,811 814 101 102 103 106 108 109 110 111 112 644 645 646 647 648 649 680 682 805 807 809 812 816 817 874,21,4,12,07/10/2019,06/10/2020,35.77,,14.96,11.13,,,
SWAE P4 2R 24 months,101 102 103 106 108 109 110 111 112 644 645 646 647 648 649 680 682 805 807 809 812 816 817 874 811 814,21,4,24,07/10/2019,06/10/2021,36.32,,15.26,11.22,,,
SWAE P4 2R 36 months,811 814 101 102 103 106 108 109 110 111 112 644 645 646 647 648 649 680 682 805 807 809 812 816 817 874,21,4,36,07/10/2019,06/10/2022,36.92,,15.33,11.29,,,
SWAE P4 2R 48 months,101 102 103 106 108 109 110 111 112 644 645 646 647 648 649 680 682 805 807 809 812 816 817 874 814 811,21,4,48,07/10/2019,06/10/2023,37.55,,15.63,11.5,,,
SWAE P4 2R 60 months,811 814 101 102 103 106 108 109 110 111 112 644 645 646 647 648 649 680 682 805 807 809 812 816 817 874,21,4,60,07/10/2019,06/10/2024,38.19,,16.06,11.82,,,
SWEB P3 1R 12 months,500 501 873 802 801,22,3,12,07/10/2019,06/10/2020,25.15,14.41,,,,,
SWEB P3 1R 24 months,500 501 873 801 802,22,3,24,07/10/2019,06/10/2021,25.41,14.72,,,,,
SWEB P3 1R 36 months,500 501 873 802 801,22,3,36,07/10/2019,06/10/2022,25.78,14.84,,,,,
SWEB P3 1R 48 months,802 500 501 873 801,22,3,48,07/10/2019,06/10/2023,26.2,15.11,,,,,
SWEB P3 1R 60 months,801 500 501 873 802,22,3,60,07/10/2019,06/10/2024,26.62,15.51,,,,,
SWEB P3 2R (Eve/We) 12 months,046 556,22,3,12,07/10/2019,06/10/2020,25.15,,,,13.13,15.39,
SWEB P3 2R (Eve/We) 24 months,046 556,22,3,24,07/10/2019,06/10/2021,25.41,,,,13.28,15.83,
SWEB P3 2R (Eve/We) 36 months,046 556,22,3,36,07/10/2019,06/10/2022,25.78,,,,13.41,15.93,
SWEB P3 2R (Eve/We) 48 months,046 556,22,3,48,07/10/2019,06/10/2023,26.2,,,,13.61,16.26,
SWEB P3 2R (Eve/We) 60 months,046 556,22,3,60,07/10/2019,06/10/2024,26.62,,,,13.94,16.71,
SWEB P4 1R (RESTD HRS NIGHT) 12 months,016 017 018 019 043 044 045 048 052 055 063 064 065 066 067 068 069 070 071 072 074 525 526 527 528 553 554 555 567 574 577 581 583 585 586 588 589 590 591 592 593 594 595 596 597 599 818 819 824 825,22,4,12,07/10/2019,06/10/2020,15.95,,,10.87,,,
SWEB P4 1R (RESTD HRS NIGHT) 24 months,016 017 018 019 043 044 045 048 052 055 063 064 065 066 067 068 069 070 071 072 074 525 526 527 528 553 554 555 567 574 577 581 583 585 586 588 589 590 591 592 593 594 595 596 597 599 818 819 824 825,22,4,24,07/10/2019,06/10/2021,16.25,,,11.01,,,
SWEB P4 1R (RESTD HRS NIGHT) 36 months,016 017 018 019 043 044 045 048 052 055 063 064 065 066 067 068 069 070 071 072 074 525 526 527 528 553 554 555 567 574 577 581 583 585 586 588 589 590 591 592 593 594 595 596 597 599 818 819 824 825,22,4,36,07/10/2019,06/10/2022,16.54,,,11.1,,,
SWEB P4 1R (RESTD HRS NIGHT) 48 months,016 017 018 019 043 044 045 048 052 055 063 064 065 066 067 068 069 070 071 072 074 525 526 527 528 553 554 555 567 574 577 581 583 585 586 588 589 590 591 592 593 594 595 596 597 599 818 819 824 825,22,4,48,07/10/2019,06/10/2023,16.84,,,11.31,,,
SWEB P4 1R (RESTD HRS NIGHT) 60 months,016 017 018 019 043 044 045 048 052 055 063 064 065 066 067 068 069 070 071 072 074 525 526 527 528 553 554 555 567 574 577 581 583 585 586 588 589 590 591 592 593 594 595 596 597 599 818 819 824 825,22,4,60,07/10/2019,06/10/2024,17.13,,,11.62,,,
SWEB P4 1R (RESTRICTED HOURS) 12 months,001 002 003 004 005 006 007 008 009 010 011 012 013 014 015 020 021 022 023 024 025 062 510 511 512 513 514 515 516 517 518 519 520 521 522 523 524 529 530 531 532 533 534 578,22,4,12,07/10/2019,06/10/2020,15.95,11.15,,,,,
SWEB P4 1R (RESTRICTED HOURS) 24 months,001 002 003 004 005 006 007 008 009 010 011 012 013 014 015 020 021 022 023 024 025 062 510 511 512 513 514 515 516 517 518 519 520 521 522 523 524 529 530 531 532 533 534 578,22,4,24,07/10/2019,06/10/2021,16.25,11.33,,,,,
SWEB P4 1R (RESTRICTED HOURS) 36 months,001 002 003 004 005 006 007 008 009 010 011 012 013 014 015 020 021 022 023 024 025 062 510 511 512 513 514 515 516 517 518 519 520 521 522 523 524 529 530 531 532 533 534 578,22,4,36,07/10/2019,06/10/2022,16.54,11.46,,,,,
SWEB P4 1R (RESTRICTED HOURS) 48 months,001 002 003 004 005 006 007 008 009 010 011 012 013 014 015 020 021 022 023 024 025 062 510 511 512 513 514 515 516 517 518 519 520 521 522 523 524 529 530 531 532 533 534 578,22,4,48,07/10/2019,06/10/2023,16.84,11.65,,,,,
SWEB P4 1R (RESTRICTED HOURS) 60 months,001 002 003 004 005 006 007 008 009 010 011 012 013 014 015 020 021 022 023 024 025 062 510 511 512 513 514 515 516 517 518 519 520 521 522 523 524 529 530 531 532 533 534 578,22,4,60,07/10/2019,06/10/2024,17.13,11.96,,,,,
SWEB P4 1R 12 months,563 873,22,4,12,07/10/2019,06/10/2020,15.95,10.78,,,,,
SWEB P4 1R 24 months,563 873,22,4,24,07/10/2019,06/10/2021,16.25,10.91,,,,,
SWEB P4 1R 36 months,563 873,22,4,36,07/10/2019,06/10/2022,16.54,11.04,,,,,
SWEB P4 1R 48 months,563 873,22,4,48,07/10/2019,06/10/2023,16.84,11.18,,,,,
SWEB P4 1R 60 months,563 873,22,4,60,07/10/2019,06/10/2024,17.13,11.46,,,,,
SWEB P4 2R 12 months,031 032 033 034 035 036 037 038 039 040 041 047 051 541 542 543 544 545 546 547 548 549 550 551 564 573 576 579 580 582 584 803 804 808 812 820 821 872 874 807,22,4,12,07/10/2019,06/10/2020,25.15,,15.29,10.94,,,
SWEB P4 2R 24 months,807 031 032 033 034 035 036 037 038 039 040 041 047 051 541 542 543 544 545 546 547 548 549 550 551 564 573 576 579 580 582 584 803 804 808 812 820 821 872 874,22,4,24,07/10/2019,06/10/2021,25.41,,15.65,11.07,,,
SWEB P4 2R 36 months,807 031 032 033 034 035 036 037 038 039 040 041 047 051 541 542 543 544 545 546 547 548 549 550 551 564 573 576 579 580 582 584 803 804 808 812 820 821 872 874,22,4,36,07/10/2019,06/10/2022,25.78,,15.75,11.16,,,
SWEB P4 2R 48 months,807 031 032 033 034 035 036 037 038 039 040 041 047 051 541 542 543 544 545 546 547 548 549 550 551 564 573 576 579 580 582 584 803 804 808 812 820 821 872 874,22,4,48,07/10/2019,06/10/2023,26.2,,16.05,11.37,,,
SWEB P4 2R 60 months,807 031 032 033 034 035 036 037 038 039 040 041 047 051 541 542 543 544 545 546 547 548 549 550 551 564 573 576 579 580 582 584 803 804 808 812 820 821 872 874,22,4,60,07/10/2019,06/10/2024,26.62,,16.47,11.67,,,
SWEB P4 3R (Eve/We/E7) 12 months,054 056 058 060 562 566 568 570 572,22,4,12,07/10/2019,06/10/2020,25.15,,,10.77,14.64,15.8,
SWEB P4 3R (Eve/We/E7) 24 months,054 056 058 060 562 566 568 570 572,22,4,24,07/10/2019,06/10/2021,25.41,,,10.89,14.8,16.29,
SWEB P4 3R (Eve/We/E7) 36 months,054 056 058 060 562 566 568 570 572,22,4,36,07/10/2019,06/10/2022,25.78,,,10.97,14.96,16.37,
SWEB P4 3R (Eve/We/E7) 48 months,054 056 058 060 562 566 568 570 572,22,4,48,07/10/2019,06/10/2023,26.2,,,11.16,15.18,16.72,
SWEB P4 3R (Eve/We/E7) 60 months,054 056 058 060 562 566 568 570 572,22,4,60,07/10/2019,06/10/2024,26.62,,,11.47,15.53,17.2,
YELG P3 1R 12 months,801 500 501 516 517 873 802,23,3,12,07/10/2019,06/10/2020,33.61,13.86,,,,,
YELG P3 1R 24 months,801 802 500 501 516 517 873,23,3,24,07/10/2019,06/10/2021,34.39,14.14,,,,,
YELG P3 1R 36 months,500 501 516 517 873 801 802,23,3,36,07/10/2019,06/10/2022,34.98,14.26,,,,,
YELG P3 1R 48 months,801 802 500 501 516 517 873,23,3,48,07/10/2019,06/10/2023,35.52,14.52,,,,,
YELG P3 1R 60 months,500 501 516 517 873 801 802,23,3,60,07/10/2019,06/10/2024,36.04,14.85,,,,,
YELG P3 2R (Eve/We) 12 months,518 519 826 827,23,3,12,07/10/2019,06/10/2020,33.61,,14.81,,12.63,,
YELG P3 2R (Eve/We) 24 months,518 519 826 827,23,3,24,07/10/2019,06/10/2021,34.39,,15.2,,12.75,,
YELG P3 2R (Eve/We) 36 months,518 519 826 827,23,3,36,07/10/2019,06/10/2022,34.98,,15.3,,12.9,,
YELG P3 2R (Eve/We) 48 months,518 519 826 827,23,3,48,07/10/2019,06/10/2023,35.52,,15.61,,13.08,,
YELG P3 2R (Eve/We) 60 months,518 519 826 827,23,3,60,07/10/2019,06/10/2024,36.04,,16,,13.35,,
YELG P4 1R (RESTD HRS NIGHT) 12 months,013 014 015 016 030 031 032 033 038 042 534 535 536 537 551 552 553 554 559 563,23,4,12,07/10/2019,06/10/2020,26.86,11.25,,,,,
YELG P4 1R (RESTD HRS NIGHT) 24 months,013 014 015 016 030 031 032 033 038 042 534 535 536 537 551 552 553 554 559 563,23,4,24,07/10/2019,06/10/2021,27.36,11.4,,,,,
YELG P4 1R (RESTD HRS NIGHT) 36 months,013 014 015 016 030 031 032 033 038 042 534 535 536 537 551 552 553 554 559 563,23,4,36,07/10/2019,06/10/2022,27.86,11.57,,,,,
YELG P4 1R (RESTD HRS NIGHT) 48 months,013 014 015 016 030 031 032 033 038 042 534 535 536 537 551 552 553 554 559 563,23,4,48,07/10/2019,06/10/2023,28.36,11.76,,,,,
YELG P4 1R (RESTD HRS NIGHT) 60 months,013 014 015 016 030 031 032 033 038 042 534 535 536 537 551 552 553 554 559 563,23,4,60,07/10/2019,06/10/2024,28.85,12.03,,,,,
YELG P4 1R (RESTRICTED HOURS) 12 months,001 002 003 004 005 006 007 008 009 010 011 012 018 019 020 021 022 023 024 025 026 027 028 029 035 036 037 039 040 041 522 523 524 525 526 527 528 529 530 531 532 533 538 539 540 541 542 543 544 545 546 547 548 549 550 556 557 558 560 561 562,23,4,12,07/10/2019,06/10/2020,26.86,11.07,,,,,
YELG P4 1R (RESTRICTED HOURS) 24 months,001 002 003 004 005 006 007 008 009 010 011 012 018 019 020 021 022 023 024 025 026 027 028 029 035 036 037 039 040 041 522 523 524 525 526 527 528 529 530 531 532 533 538 539 540 541 542 543 544 545 546 547 548 549 550 556 557 558 560 561 562,23,4,24,07/10/2019,06/10/2021,27.36,11.23,,,,,
YELG P4 1R (RESTRICTED HOURS) 36 months,001 002 003 004 005 006 007 008 009 010 011 012 018 019 020 021 022 023 024 025 026 027 028 029 035 036 037 039 040 041 522 523 524 525 526 527 528 529 530 531 532 533 538 539 540 541 542 543 544 545 546 547 548 549 550 556 557 558 560 561 562,23,4,36,07/10/2019,06/10/2022,27.86,11.4,,,,,
YELG P4 1R (RESTRICTED HOURS) 48 months,001 002 003 004 005 006 007 008 009 010 011 012 018 019 020 021 022 023 024 025 026 027 028 029 035 036 037 039 040 041 522 523 524 525 526 527 528 529 530 531 532 533 538 539 540 541 542 543 544 545 546 547 548 549 550 556 557 558 560 561 562,23,4,48,07/10/2019,06/10/2023,28.36,11.6,,,,,
YELG P4 1R (RESTRICTED HOURS) 60 months,001 002 003 004 005 006 007 008 009 010 011 012 018 019 020 021 022 023 024 025 026 027 028 029 035 036 037 039 040 041 522 523 524 525 526 527 528 529 530 531 532 533 538 539 540 541 542 543 544 545 546 547 548 549 550 556 557 558 560 561 562,23,4,60,07/10/2019,06/10/2024,28.85,11.86,,,,,
YELG P4 2R 12 months,811 814 812 043 510 511 512 514 515 516 517 807 808 815 874,23,4,12,07/10/2019,06/10/2020,33.61,,16.67,12.96,,,
YELG P4 2R 24 months,043 510 511 512 514 515 516 517 807 808 815 874 812 811 814,23,4,24,07/10/2019,06/10/2021,34.39,,17.21,13.11,,,
YELG P4 2R 36 months,812 814 043 510 511 512 514 515 516 517 807 808 815 874 811,23,4,36,07/10/2019,06/10/2022,34.98,,17.22,13.27,,,
YELG P4 2R 48 months,043 510 511 512 514 515 516 517 807 808 815 874 811 812 814,23,4,48,07/10/2019,06/10/2023,35.52,,17.61,13.47,,,
YELG P4 2R 60 months,814 043 510 511 512 514 515 516 517 807 808 815 874 812 811,23,4,60,07/10/2019,06/10/2024,36.04,,18.08,13.74,,,
YELG P4 3R (Eve/We & Night) 12 months,520 521 828 829,23,4,12,07/10/2019,06/10/2020,33.61,,15.41,10.57,12.34,,
YELG P4 3R (Eve/We & Night) 24 months,829 520 521 828,23,4,24,07/10/2019,06/10/2021,34.39,,15.86,10.67,12.44,,
YELG P4 3R (Eve/We & Night) 36 months,829 520 521 828,23,4,36,07/10/2019,06/10/2022,34.98,,15.93,10.81,12.58,,
YELG P4 3R (Eve/We & Night) 48 months,829 520 521 828,23,4,48,07/10/2019,06/10/2023,35.52,,16.26,11,12.76,,
YELG P4 3R (Eve/We & Night) 60 months,829 520 521 828,23,4,60,07/10/2019,06/10/2024,36.04,,16.67,11.26,13.03,,
